68779923_2_1000046510804975562.tar.gz,Country
14575591_0_5962885285845713108.tar.gz,Thing
96971074_0_2380250642274572846.tar.gz,Thing
9353071_0_969221250383056227.tar.gz,Thing
94145647_0_4411495338698364870.tar.gz,Thing
21547990_0_4278595903015489107.tar.gz,Thing
15525140_24_4037246854219698153.tar.gz,Thing
71137051_0_8039724067857124984.tar.gz,Bird
9348099_0_390574653830621671.tar.gz,FormulaOneRacer
76279179_0_1206538098393858428.tar.gz,Company
40387275_6_6191495397368895712.tar.gz,Thing
7207849_0_1015109135224818932.tar.gz,Thing
30103516_1_7626625507688323656.tar.gz,Thing
28788428_0_7847978656182431680.tar.gz,MusicalWork
34119774_0_289423522044280059.tar.gz,Thing
39650055_5_7135804139753401681.tar.gz,Company
20986241_116_7013408060096179711.tar.gz,Thing
31872906_0_6106277903085193669.tar.gz,Place
64207896_0_3206705146602325658.tar.gz,Monarch
5002114_6_4320409333965117351.tar.gz,Country
64626513_0_6402630457637049755.tar.gz,EducationalInstitution
98786033_0_3931553788835402240.tar.gz,Thing
90593344_0_8311455501234425088.tar.gz,Mountain
60527660_0_4311923120030730708.tar.gz,Thing
83987849_0_5969920363690793217.tar.gz,Country
31135207_0_1440209822839624711.tar.gz,Country
87684775_0_3688301103288332064.tar.gz,PopulatedPlace
63504330_0_8522180319329276399.tar.gz,Thing
52982899_0_5726315103246010014.tar.gz,Song
5920491_0_3348835015780600788.tar.gz,Thing
75686837_0_7143521782053477488.tar.gz,Thing
37222124_0_2523821086878486427.tar.gz,Thing
41839679_0_3009344178474568371.tar.gz,Monarch
91412091_0_7825290509158569518.tar.gz,Thing
67044147_3_2407225246443640173.tar.gz,Thing
38825076_4_4240132090463534680.tar.gz,Thing
48154773_2_8458867040172221682.tar.gz,Thing
62225043_0_1859194456424768736.tar.gz,Plant
34061753_1_7120939110353093152.tar.gz,Thing
25596525_7_8049218440277756227.tar.gz,Thing
43619692_1_8695615891377032939.tar.gz,Thing
15432418_0_1240151322836769987.tar.gz,Thing
17871230_1_6194965835407257694.tar.gz,Animal
36011298_0_6854642860526463972.tar.gz,MusicalWork
31786950_6_6643972137715983094.tar.gz,Thing
12125836_0_1134348206297032434.tar.gz,RadioStation
2066887_0_746204117268168398.tar.gz,Saint
44714784_0_9148174727002289290.tar.gz,Animal
55150207_16_3215605693899991922.tar.gz,Thing
23525318_0_7885756089060858697.tar.gz,Thing
64453534_0_2231985329462980688.tar.gz,Thing
36508695_2_4137125988909119946.tar.gz,Company
82726631_0_8916527354641308381.tar.gz,Bird
17362344_1_5095929604749154053.tar.gz,Company
83532490_1_8333702357543616751.tar.gz,Thing
15083191_0_8241448979933321195.tar.gz,Thing
7866138_0_3576557501117896371.tar.gz,Thing
14354060_0_2913685180675424978.tar.gz,Hotel
62958765_0_3674859967182781097.tar.gz,Thing
17627487_0_7482364338839093515.tar.gz,Thing
38552884_0_7504620928763706132.tar.gz,Thing
73146534_0_2437590818976170846.tar.gz,Thing
3876573_0_5902554158837152331.tar.gz,Language
73329570_0_6585265340512320118.tar.gz,Thing
93282452_50_2022610686980235524.tar.gz,Thing
53445890_1_3674988499038067538.tar.gz,Thing
9155607_0_3860438754576233830.tar.gz,Thing
66986032_1_2775601573719835514.tar.gz,Thing
24859353_0_7027810986004269522.tar.gz,Country
89892933_0_8247479835926862600.tar.gz,Thing
61714447_0_2408934031491056964.tar.gz,Thing
41346299_0_5222632701245297340.tar.gz,Thing
24074438_0_5878229540726224471.tar.gz,Country
60756411_0_463101439270968728.tar.gz,Thing
61086277_0_5431539545753310611.tar.gz,Thing
27411298_0_6391178424656872117.tar.gz,Country
58480457_0_4976666994701664315.tar.gz,Thing
40643655_0_1197576731513171589.tar.gz,Thing
27100349_0_4569354779422013472.tar.gz,MusicalWork
32936911_79_1142044601974469341.tar.gz,Thing
28981185_0_4400650637320353140.tar.gz,Thing
37856682_0_6818907050314633217.tar.gz,AdministrativeRegion
20886950_0_139024002426598867.tar.gz,Thing
92559788_0_507775366092031581.tar.gz,Company
29414811_13_8724394428539174350.tar.gz,VideoGame
55961337_0_6548713781034932742.tar.gz,Country
44942480_0_2396126158991576450.tar.gz,Thing
37766292_0_8154499853610546668.tar.gz,Thing
66331605_0_697628901562774965.tar.gz,Name
34574938_0_498813987749776643.tar.gz,Thing
19655010_0_660968701335909436.tar.gz,Thing
81018286_0_4591208644539747649.tar.gz,Thing
18036618_0_7337008284167773018.tar.gz,PoliticalParty
59296459_0_4532872443713262457.tar.gz,Bird
5873256_0_7795190905731964989.tar.gz,Airline
23723517_0_6355329536965120157.tar.gz,Thing
1092764_0_7623796846778750529.tar.gz,Software
30098333_0_6321221304321476486.tar.gz,Thing
33832430_0_2157776220385390595.tar.gz,Bird
12183399_0_6725061928072492226.tar.gz,Country
66063951_0_7222945401533576619.tar.gz,Thing
51416220_0_6217242186929928654.tar.gz,Airport
27022788_15_8197756995366961874.tar.gz,Thing
34822201_0_9172176454913296735.tar.gz,Thing
65118854_0_3532892672194638773.tar.gz,Country
13454929_38_5704125866480389014.tar.gz,Thing
25820616_1_1721811200152530444.tar.gz,Person
54282710_0_481888903935983790.tar.gz,Thing
22405951_0_4867943948898983454.tar.gz,Thing
45743876_0_3539118723491007120.tar.gz,Thing
65842312_0_4733067625464702086.tar.gz,Thing
48041281_0_813706116018869489.tar.gz,Country
86956991_0_8784107551825329794.tar.gz,Thing
94641913_13_3863476391565959148.tar.gz,Thing
94529139_0_3232108098873849348.tar.gz,Person
14107336_0_3506363793523926306.tar.gz,Thing
54051027_0_7026756885592951638.tar.gz,Thing
69403297_2_2175902877295838348.tar.gz,Thing
28243215_1_5610452142092065890.tar.gz,Magazine
77632062_0_2292892375652659825.tar.gz,City
76024718_2_6908343154941649258.tar.gz,Book
41648740_0_6959523681065295632.tar.gz,Country
61483094_0_4075277537887508233.tar.gz,Thing
54773498_0_4341462266113591159.tar.gz,Building
19654359_0_3020273135042459469.tar.gz,Airport
32936911_182_7701303896656147086.tar.gz,Thing
32098846_0_4488653948540751214.tar.gz,Thing
33542937_177_5470739689203597436.tar.gz,Thing
43964237_0_8794045370629210428.tar.gz,Thing
97474843_6_7066896745469800894.tar.gz,Thing
26611045_0_6746367941095256533.tar.gz,Thing
59207069_4_7753300106744071070.tar.gz,Thing
9236355_0_2228874555257851396.tar.gz,Company
57854801_0_1661074707552286501.tar.gz,Thing
70371959_0_7248177035488974282.tar.gz,Thing
59523103_0_2275976140216955204.tar.gz,Thing
40267353_2_2384045885908782509.tar.gz,Thing
21133717_14_4743040657362662857.tar.gz,Thing
55600389_0_5880613671553215645.tar.gz,Thing
24592192_0_1449930331605971322.tar.gz,Thing
72504484_43_8279148711726695697.tar.gz,Thing
72504484_122_9159367086125748071.tar.gz,Thing
46728986_0_444959441861417753.tar.gz,Country
60419946_0_6950995484145471192.tar.gz,Thing
66975319_4_5997830201116388939.tar.gz,Thing
70515524_0_5425995199745290007.tar.gz,Monarch
83317528_0_3210634546537826218.tar.gz,Thing
11078802_0_7941208004513610907.tar.gz,Country
25157526_0_2463227439282443231.tar.gz,Thing
37413595_0_3469255995901768738.tar.gz,Thing
93162865_0_4661380442777459291.tar.gz,Bird
79966524_0_1484492112455633784.tar.gz,Animal
58366947_0_3203535355072917165.tar.gz,Thing
81174246_0_428484255353142174.tar.gz,Thing
568509_0_5722261996256193195.tar.gz,Thing
14816632_0_3081391886649508022.tar.gz,Software
2867461_9_4076106230106879066.tar.gz,Thing
53239801_0_6039040367317189758.tar.gz,BodyOfWater
29794780_2_7959320699748946876.tar.gz,Country
40315458_0_6046678570941610878.tar.gz,Thing
1407964_0_6143485661029372227.tar.gz,Thing
77694908_0_6083291340991074532.tar.gz,Film
8286121_0_8471791395229161598.tar.gz,Country
40844462_1_6230938203735169234.tar.gz,Film
10839274_0_8070025797940187411.tar.gz,Thing
90646916_0_2176827423262506501.tar.gz,Country
72504484_115_3878084906030694878.tar.gz,Thing
76329923_47_269201759153159563.tar.gz,Thing
40534006_0_4617468856744635526.tar.gz,Wrestler
60407824_0_793377497970388034.tar.gz,Plant
23875987_0_1190686571784462532.tar.gz,Thing
34041816_1_4749054164534706977.tar.gz,Airport
13421679_0_5058552107445971035.tar.gz,Thing
1345836_0_6187292861722502195.tar.gz,Drug
67093445_0_7283205747703070519.tar.gz,Thing
835554_1_7449861553979744172.tar.gz,Thing
22547657_0_2409535727302869297.tar.gz,Thing
14350448_0_5782903699576186549.tar.gz,Thing
61644639_0_7266560845637668813.tar.gz,Bird
40132163_2_7749844203110316260.tar.gz,Thing
20195534_1_8120886615859121961.tar.gz,Country
56290718_2_6960578138961286808.tar.gz,Thing
74744432_1_6997335219916488272.tar.gz,Thing
35188621_0_6058553107571275232.tar.gz,Film
38699298_0_695696105529252232.tar.gz,Currency
74207889_193_42088949085190649.tar.gz,Thing
84364483_0_200040456240997258.tar.gz,BodyOfWater
71910945_1_7018021537796505946.tar.gz,Thing
67179268_0_2295221666082539065.tar.gz,Thing
34543932_0_8689820424092869963.tar.gz,Thing
28423212_0_2742990779532526553.tar.gz,Company
14555698_1_23103564445699262.tar.gz,Thing
60265522_0_8170059261649167008.tar.gz,Thing
34722358_0_1552592420151432330.tar.gz,Thing
16285599_0_7976130015296321847.tar.gz,Thing
76275868_0_4528346580716713695.tar.gz,Country
35182166_0_8969211141216638082.tar.gz,Thing
73988811_0_2775758476756716904.tar.gz,Film
40971682_1_708220616644103323.tar.gz,Thing
6979972_1_1881100639400203869.tar.gz,Song
74718406_0_3914457597478137388.tar.gz,Airport
80665696_1_3362754331402969071.tar.gz,Thing
42136723_0_289384981320036396.tar.gz,Thing
4636616_8_6539539572618746789.tar.gz,RaceHorse
54096131_6_4439202306604839557.tar.gz,Thing
65641496_1_9183694737133310884.tar.gz,BaseballPlayer
52425262_0_5182099736652132739.tar.gz,Thing
51868396_0_1119678589902929388.tar.gz,Country
38390205_1_8150763005563658139.tar.gz,Hospital
68738525_0_3364633069390727860.tar.gz,Thing
58864412_0_2247318911149754674.tar.gz,Thing
24339947_4_3416899111397649980.tar.gz,Thing
4430589_3_6252073347670489743.tar.gz,Thing
12151277_0_1262954734066545952.tar.gz,Hospital
57222332_0_6149526731016667168.tar.gz,Thing
22063172_0_1909307439535172487.tar.gz,Thing
59165342_0_3980363442442546084.tar.gz,Thing
47137584_0_5109961225899227154.tar.gz,Thing
80237852_0_1302990044236773096.tar.gz,Thing
7726089_0_5412236720470316378.tar.gz,Thing
71671375_0_1715763047979962300.tar.gz,University
4529948_0_1550758652841098872.tar.gz,EurovisionSongContestEntry
64734047_0_5880705307495695536.tar.gz,Hospital
57824455_2_7523691173144221165.tar.gz,Drug
80885013_0_2043709142206907283.tar.gz,Country
83540521_2_7518677327607562857.tar.gz,Thing
31213481_2_2218923381673410604.tar.gz,Thing
24367383_0_2252404106647851634.tar.gz,Event
99921003_0_5661115012444108506.tar.gz,Company
86921086_0_4332527216340486404.tar.gz,Country
67797811_0_2813830157792497197.tar.gz,Thing
19977952_0_1517779187177062940.tar.gz,Thing
40950538_31_2892972536008216498.tar.gz,Thing
9824300_1_8582038314438570069.tar.gz,Thing
99925012_1_5766123608449320739.tar.gz,Thing
90814644_1_2205524348085456824.tar.gz,Thing
45075051_0_5426860300967245967.tar.gz,Bird
38732532_0_1420803645394505878.tar.gz,Monarch
60959543_0_4931022751531760269.tar.gz,Company
89472016_0_7556326221906081768.tar.gz,Thing
97386339_1_147111789071185436.tar.gz,Thing
37189616_5_1753841707940561431.tar.gz,Thing
44877357_1_2247154626618644005.tar.gz,City
15057462_0_1530812940719919446.tar.gz,Currency
95588709_0_401218008658169515.tar.gz,Thing
10873866_0_1805633075686084849.tar.gz,Thing
18321599_0_4014218119449874050.tar.gz,Thing
12642001_0_4792360294736233718.tar.gz,Thing
63531694_0_6076216756949566759.tar.gz,Thing
49019651_0_5351938389276238457.tar.gz,Country
52854652_1_4170825918153137646.tar.gz,Thing
32895857_0_3993756370483203775.tar.gz,Thing
44401792_1_3970216273626799039.tar.gz,Thing
63798710_0_5742391230765841732.tar.gz,Pornstar
76373906_0_6904594838446307331.tar.gz,PoliticalParty
50258076_0_4341838617869068560.tar.gz,Thing
37459268_0_489443258876303438.tar.gz,Thing
65189388_0_5865341865446874232.tar.gz,Company
42993107_0_8568554921502395746.tar.gz,Thing
32005983_0_443343234959325691.tar.gz,Country
29805275_0_6329367004902471521.tar.gz,Company
70565309_0_34520180832378985.tar.gz,Thing
3663912_0_6311299675106353142.tar.gz,Thing
40505570_0_8638521973802413541.tar.gz,Thing
54033859_1_2253624593630093101.tar.gz,Thing
78383459_0_2437257350284032437.tar.gz,Animal
4501311_8_8306082458935575308.tar.gz,VideoGame
10057926_0_6000962521981596991.tar.gz,Website
10920963_0_6888673123237105915.tar.gz,Thing
39478814_3_6429112417617954666.tar.gz,Thing
55750261_0_6620940596560718448.tar.gz,Person
15616688_0_6131177408427910653.tar.gz,Thing
52022135_0_2643551208550870233.tar.gz,Thing
55130116_0_6793189806545656100.tar.gz,Thing
9052934_1_603098488450625518.tar.gz,Thing
47709681_0_4437772923903322343.tar.gz,VideoGame
14159139_0_4625969205094263985.tar.gz,Thing
51657476_0_2219779576478873572.tar.gz,Thing
20452010_0_6205906674657656642.tar.gz,Thing
53618211_1_2673446091467290852.tar.gz,Company
62831654_25_7737771774334981129.tar.gz,Thing
79355569_0_8014639588533418593.tar.gz,Thing
8929333_0_2135581147445421344.tar.gz,Plant
18504214_6_2124923456539113038.tar.gz,Country
86325681_0_2081149093246026700.tar.gz,Company
98068544_0_2338780145512793497.tar.gz,Thing
12193237_0_8699643798888088574.tar.gz,Country
12057659_0_3661191872772619158.tar.gz,Country
31418133_0_5451026585388403176.tar.gz,Thing
17769450_0_8003688464359007517.tar.gz,MusicalWork
2468123_0_5092306562428550818.tar.gz,Thing
29273054_0_334665696887091888.tar.gz,EducationalInstitution
30258632_6_174171375406739528.tar.gz,Thing
98981185_0_2615993956085497335.tar.gz,Thing
42514101_0_1543017126475112396.tar.gz,Thing
68464689_0_212365812411394289.tar.gz,Broadcaster
70307033_1_3534676265082192994.tar.gz,Person
35154450_0_3374117651142658092.tar.gz,Thing
24792508_0_7293634986683448671.tar.gz,Country
4943567_0_2250059049922745611.tar.gz,Thing
93662107_2_5264185780735473868.tar.gz,Thing
9686394_0_5980699488362107028.tar.gz,Airport
24680176_0_5228087873652069319.tar.gz,Museum
75432342_1_6073898649859596886.tar.gz,Thing
1801329_3_6838017315001891413.tar.gz,Thing
15888487_0_6601674255986901010.tar.gz,SportCompetitionResult
51875901_0_2828910619908592440.tar.gz,Thing
42725605_6_1315753541762498468.tar.gz,Country
1024577_0_1332094105532256624.tar.gz,Thing
97360836_0_9092594910210166642.tar.gz,Thing
7610186_0_782756596763357915.tar.gz,University
8752844_0_645740876771519105.tar.gz,Thing
56924911_0_8545119789109157250.tar.gz,Thing
97911857_1_7186650966664834240.tar.gz,Thing
28814826_0_876608022830862695.tar.gz,Thing
13248844_0_7033945055636530017.tar.gz,SportCompetitionResult
46501732_0_7847615138468645815.tar.gz,Thing
85194482_0_2894933110516756248.tar.gz,Thing
57922100_0_7750219757803635230.tar.gz,Language
62559366_0_3190486164961132257.tar.gz,Bird
36720634_0_7086221040977265332.tar.gz,Thing
2683781_0_1343172514357786316.tar.gz,Thing
80648912_0_8673424560811717782.tar.gz,Thing
4530781_0_3396832715095698658.tar.gz,Thing
45018028_0_9098775457456435236.tar.gz,Thing
24142265_0_4577466141408796359.tar.gz,VideoGame
23217357_1_413865838626629786.tar.gz,Thing
19205420_1_3666230743965510005.tar.gz,Thing
62843597_1_7073101065752317982.tar.gz,Thing
47479117_1_2455340828580378339.tar.gz,Thing
52403935_0_8558406730643811767.tar.gz,Country
47392321_4_5420957471660634221.tar.gz,Thing
8980790_0_2238070999991442093.tar.gz,Bird
81738060_0_3707806639852695037.tar.gz,Country
26370555_0_4475060758756720112.tar.gz,Thing
4896632_0_3890959892172586358.tar.gz,Thing
5562491_0_9175174803830766187.tar.gz,Thing
243582_0_6581279763236578340.tar.gz,Thing
78177394_0_4499584510888289776.tar.gz,Film
44870261_0_3668780074296753372.tar.gz,Thing
53661868_0_4162172636320980570.tar.gz,Thing
13162205_1_376767417961358362.tar.gz,Thing
53989675_0_8697482470743954630.tar.gz,Lake
43767696_0_6748930754185366156.tar.gz,Thing
87104648_0_3963829407788325809.tar.gz,Country
82806029_2_7792188988245343457.tar.gz,Thing
83707817_0_383594793553009396.tar.gz,Thing
24735918_0_1570130730328892503.tar.gz,Thing
19361188_0_1640726405141876003.tar.gz,Mountain
66649964_1_4770772113518499696.tar.gz,Thing
34816304_0_3101573604151285949.tar.gz,Film
98533430_1_1845746953706686397.tar.gz,Thing
20163699_0_5818010069188461996.tar.gz,Language
43226272_0_5995103035300388365.tar.gz,Hospital
89343298_0_2773729909713630809.tar.gz,RadioStation
3887681_0_7938589465814037992.tar.gz,Lake
74556168_0_3811062900306113828.tar.gz,Animal
36947132_3_6827197521362373979.tar.gz,Thing
36275014_0_1320157761771344844.tar.gz,Bird
78005071_0_8643954006825971723.tar.gz,PoliticalParty
32936911_212_1667647199130440014.tar.gz,Thing
13719111_1_5719401842463579519.tar.gz,Bird
44825467_0_3334905242446287941.tar.gz,Thing
56884611_0_7237980304707930503.tar.gz,Thing
30199879_0_5185995537555298667.tar.gz,Bird
13590688_9_1701344089936157739.tar.gz,Thing
26656864_0_2299226445785333915.tar.gz,Thing
6660241_0_1736079282915860712.tar.gz,Thing
24566079_0_4584843145621243229.tar.gz,Thing
72504484_58_5947532188503498108.tar.gz,Thing
38238783_0_4144778912351744096.tar.gz,TelevisionStation
36265897_0_3798499892320993119.tar.gz,Thing
84548468_0_5955155464119382182.tar.gz,Film
37933521_0_7539882566937935699.tar.gz,Automobile
37890759_0_5688536186176440393.tar.gz,Thing
4751392_1_7561974939330324140.tar.gz,Company
26521392_0_1750758178552952513.tar.gz,Thing
96880165_0_8760710182606728196.tar.gz,Thing
58731159_1_1993632016912997244.tar.gz,Thing
67885101_0_3926549681542041838.tar.gz,Thing
73337825_0_5037894923182273301.tar.gz,Thing
61894188_4_8374266675861524130.tar.gz,Thing
62287421_1_443440401164828923.tar.gz,Thing
4685482_1_9072139933504839463.tar.gz,Thing
41016576_7_6651837491156038142.tar.gz,Thing
63458570_0_1040652754183343038.tar.gz,Thing
10671199_0_4401463711106538720.tar.gz,Thing
43957007_0_5757825923496272119.tar.gz,Plant
33411951_0_7036573324457088922.tar.gz,Thing
58583141_0_4422482019973056692.tar.gz,Thing
33401079_0_9127583903019856402.tar.gz,Person
46172448_0_1805810713802882987.tar.gz,Device
99959710_1_276305307125872369.tar.gz,Thing
41819807_0_3139249984404131679.tar.gz,Lake
63450419_0_8012592961815711786.tar.gz,Plant
32051842_5_1757891723986774036.tar.gz,Museum
35125436_0_6069822486188126873.tar.gz,Thing
62508577_3_4122200956076290255.tar.gz,Thing
41026337_0_886370384864044041.tar.gz,Thing
88732174_0_7321365014357502211.tar.gz,BaseballPlayer
18335243_0_2873573649899205343.tar.gz,Country
98312357_0_6395417306876145729.tar.gz,Monarch
52909046_2_5550330438930245680.tar.gz,Thing
53821838_3_6166357487530518502.tar.gz,Thing
15178390_0_7608303521974878449.tar.gz,Thing
92054043_0_8581031082268154051.tar.gz,Country
81298835_0_3785929572545818165.tar.gz,Thing
75154185_0_1607627349983289012.tar.gz,City
10717313_0_3182763767402133661.tar.gz,Thing
49901618_0_8995817509303293567.tar.gz,Thing
58533279_0_3932323262620860358.tar.gz,Thing
27587314_0_6929296780512432417.tar.gz,Thing
65788877_0_1168893171575330375.tar.gz,VideoGame
10536519_0_2290420058767548358.tar.gz,Thing
47317465_0_4626110653822163171.tar.gz,Thing
37275140_0_5685131683017704815.tar.gz,Thing
66968480_0_4388219332323964818.tar.gz,Thing
56187888_1_5540349612507570252.tar.gz,Thing
71767677_0_3434779509265146845.tar.gz,Politician
98953468_0_1830141940040950217.tar.gz,Mountain
73258673_3_8747073814423019468.tar.gz,Thing
85266574_1_5749019246018311248.tar.gz,Thing
50846966_0_2977319908975106472.tar.gz,Thing
78341053_2_7670344559150028058.tar.gz,Thing
32156062_0_5056375375263102264.tar.gz,Plant
74685423_0_8061289760697103949.tar.gz,Bird
57316125_0_8567044795759993450.tar.gz,Thing
4444204_0_951426790527152756.tar.gz,City
67203569_0_6608493047297130877.tar.gz,Thing
1855026_0_4062150166041484956.tar.gz,Country
42098118_0_3828961273950942592.tar.gz,Person
32936911_255_3510331656465798609.tar.gz,Thing
46772841_0_1233091616050615580.tar.gz,Thing
30656229_0_5601119865306869076.tar.gz,Bird
39107734_2_2329160387535788734.tar.gz,Airport
92111393_0_1009902572503609614.tar.gz,Thing
636568_0_6941338869346314882.tar.gz,Thing
41612329_0_7158224623202100303.tar.gz,Country
36060320_0_832410686984280719.tar.gz,BroadcastNetwork
17526697_2_1272121202546996894.tar.gz,Thing
31873912_0_6577798048248876844.tar.gz,Thing
89121813_0_8488792415402446658.tar.gz,Airport
73687511_0_4377261565497906819.tar.gz,Airport
21329809_0_5526008408364682899.tar.gz,City
71261630_0_4669122890071218234.tar.gz,Country
90723763_0_874013697986950454.tar.gz,Company
26012073_0_4024532376425802165.tar.gz,Thing
86297395_0_6919201319699354263.tar.gz,Country
70899893_0_2044273849998790147.tar.gz,Thing
25091969_0_6619123450052764458.tar.gz,Thing
14051105_2_9046503522559272925.tar.gz,Thing
30209651_0_2750903484471900156.tar.gz,Thing
43247298_0_2033967289506821780.tar.gz,Thing
29021592_4_4348860179678308511.tar.gz,Monarch
82156899_0_7545192805719564181.tar.gz,Thing
34883336_14_1496740993328720762.tar.gz,Thing
16859162_0_3476610250666232960.tar.gz,Person
49875628_1_4775435000917189501.tar.gz,Thing
64774884_4_8264844382731565957.tar.gz,Thing
62287521_0_325748558875048113.tar.gz,Thing
3778413_0_1919795200505703071.tar.gz,Thing
46491020_0_3551224977912370279.tar.gz,Thing
4411695_0_2528656969052141796.tar.gz,Thing
59627535_0_8084048177931079431.tar.gz,Thing
25404227_0_2240631045609013057.tar.gz,Film
49126546_0_1746243181671465373.tar.gz,Thing
76024718_4_3812276283361955732.tar.gz,Thing
54328542_0_4745821570785243614.tar.gz,Thing
31725861_0_8171652514393345273.tar.gz,Thing
13204288_0_4420526718603042428.tar.gz,Film
44587550_0_2637346328765885203.tar.gz,Thing
56587432_0_4826884858325213402.tar.gz,Person
37541068_1_1156932518917623732.tar.gz,BaseballPlayer
85901922_0_5673553749572115602.tar.gz,Thing
30400241_0_3885722492749265448.tar.gz,Thing
79260153_0_6194795638543327793.tar.gz,Thing
79327346_0_5787863739697336601.tar.gz,Country
39759273_0_1427898308030295194.tar.gz,Film
1202106_0_7162348512030877745.tar.gz,Thing
73852924_0_9032668884550044338.tar.gz,Artwork
49880149_0_5062706535284418525.tar.gz,Thing
14380604_4_3329235705746762392.tar.gz,Company
26310680_0_5150772059999313798.tar.gz,Country
21399277_1_7289676435767636334.tar.gz,Thing
92642706_0_498599773485263607.tar.gz,Thing
67583830_0_8311359334436377719.tar.gz,Country
71840765_0_6664391841933033844.tar.gz,Lake
12271141_0_8517913935669973086.tar.gz,Company
20471101_0_9006020297939439825.tar.gz,Thing
47630102_0_972548772456606508.tar.gz,Thing
29414811_2_4773219892816395776.tar.gz,VideoGame
1801329_1_7555199190723415286.tar.gz,Thing
73133559_0_8656986608253802319.tar.gz,Thing
20163699_0_8822874041223278819.tar.gz,Country
45073662_0_3179937335063201739.tar.gz,BaseballPlayer
24077534_0_8573937744668754479.tar.gz,Thing
58514135_0_5466490973366023396.tar.gz,Thing
33555671_0_505543568993394600.tar.gz,Company
20953935_0_7974402854399060978.tar.gz,Thing
44093346_0_7165907832043750308.tar.gz,Thing
69087760_0_6791607857165612682.tar.gz,Thing
22234078_0_8912206595924014778.tar.gz,Thing
29727802_0_7095681027861711849.tar.gz,Thing
34488873_1_7199968589544243960.tar.gz,TelevisionStation
97942455_0_3481125087437023681.tar.gz,Thing
12266665_6_7238514912844950425.tar.gz,Thing
95412885_0_7256119144857675794.tar.gz,Thing
25514012_0_5472457774387937024.tar.gz,Organisation
29412826_0_3422707769191426540.tar.gz,Museum
64717971_0_3138560862134991533.tar.gz,Thing
69878744_0_5424444000137216133.tar.gz,MusicalWork
94525151_2_3371732425416973742.tar.gz,Thing
19272019_0_1508498249156534553.tar.gz,University
85522937_0_3467998045280685118.tar.gz,Thing
13394416_1_955556685828941571.tar.gz,Thing
37815699_0_8391788584341609964.tar.gz,Person
89127467_1_2594822995540805822.tar.gz,Thing
23892112_3_8520655175715472850.tar.gz,Thing
58675154_0_6377109358111606703.tar.gz,Hotel
42308623_0_5342111286249136504.tar.gz,Thing
32802983_0_2900829447742142564.tar.gz,Thing
45116302_0_146731452248632004.tar.gz,Bird
32711088_0_8889280310816732641.tar.gz,Thing
78317991_1_7924079972301692757.tar.gz,Thing
2948277_0_5513024251620298669.tar.gz,Book
1535985_0_5848003304892543720.tar.gz,Thing
98245293_0_5124882856290268179.tar.gz,Thing
7130948_0_3836104717464631726.tar.gz,Sport
41480166_0_6681239260286218499.tar.gz,Saint
46139905_0_5412590696107324573.tar.gz,Thing
92566151_0_3768172302415340884.tar.gz,Bird
83447852_0_6927237628009465871.tar.gz,Film
56495206_0_4505475076259276721.tar.gz,Company
91706020_0_5186837534229749487.tar.gz,VideoGame
62411443_54_6996652062706955963.tar.gz,Thing
6869358_0_1379459120563510331.tar.gz,Book
80255499_92_8843377411837968002.tar.gz,Thing
2841968_0_4345233899983265819.tar.gz,Thing
92433016_0_3102737682394560247.tar.gz,Thing
16227104_0_473899354240481936.tar.gz,Thing
12768557_1_7014880346000519668.tar.gz,Thing
32560590_0_5010888532291286186.tar.gz,Thing
66758348_0_5433261871901472172.tar.gz,Plant
80992694_0_3506971500806631353.tar.gz,SportCompetitionResult
10425899_1_1216565737193369941.tar.gz,Thing
86068558_0_3546907238486221744.tar.gz,Thing
5833105_0_5568979829268945694.tar.gz,Company
21175389_0_2334098613497427421.tar.gz,Thing
52984608_2_4809638055705573842.tar.gz,Thing
15576104_0_3849177587505429332.tar.gz,Thing
14266497_0_1858533525887600690.tar.gz,Thing
31696407_0_8404526924101263779.tar.gz,Thing
76901387_5_7208130730915207843.tar.gz,Thing
55238374_0_3379409961751009152.tar.gz,Country
35034077_1_8223903941473044453.tar.gz,Thing
79028402_0_7946997937733920282.tar.gz,Plant
5440780_2_4254981184557979540.tar.gz,Broadcaster
61121469_0_6337620713408906340.tar.gz,Country
27657698_0_3510239051008183618.tar.gz,Thing
28073618_0_8603600168706862110.tar.gz,Plant
74207889_93_5675601229348704290.tar.gz,Thing
41194422_0_7231546114369966811.tar.gz,Country
47737985_0_1462039376687852495.tar.gz,Thing
99996256_0_1502865950878164819.tar.gz,Thing
43426626_1_2354699796985248218.tar.gz,Thing
43819019_0_4392783738290559910.tar.gz,BodyOfWater
88036788_0_1007274226257237127.tar.gz,Beverage
68019283_0_4436248583640719107.tar.gz,Thing
58212734_0_6552554663115794336.tar.gz,Thing
10630177_0_4831842476649004753.tar.gz,Building
72605889_0_4233791931010370770.tar.gz,Thing
5580128_1_3463861104757407695.tar.gz,Thing
474538_1_8115031968784762914.tar.gz,Thing
25313031_0_7618936086293867880.tar.gz,Book
53023566_0_5818064418159915899.tar.gz,Thing
668820_3_6303908402909352028.tar.gz,Thing
82484302_3_3744533925446753851.tar.gz,Thing
33676549_6_910230710890867995.tar.gz,Country
76044168_1_6742566837293717929.tar.gz,Fashion
65186782_0_5804072909440491396.tar.gz,Company
5486184_0_6049456111617309980.tar.gz,Company
90640811_5_2143904236720223578.tar.gz,Thing
17048491_0_5985584303686132948.tar.gz,Thing
21593544_5_7251737552085133432.tar.gz,Thing
49953332_0_3803413564812768748.tar.gz,Thing
72736276_0_1907049776942169976.tar.gz,Language
942086_179_2759674150704638002.tar.gz,Thing
67865873_0_8259587610208037357.tar.gz,Country
15839549_1_1576224988022853418.tar.gz,Thing
2497951_0_8882706287357403939.tar.gz,Thing
7802673_1_1957523967714325091.tar.gz,University
61939025_17_7242953037395235409.tar.gz,Thing
51741865_0_9203644246202164492.tar.gz,RadioStation
88969891_0_285296595456206618.tar.gz,Language
20135078_0_7570343137119682530.tar.gz,Film
32757437_0_1447170835725906337.tar.gz,Thing
40018721_0_3199004098109121018.tar.gz,Thing
50245608_0_871275842592178099.tar.gz,Film
89862402_0_5260730200020719536.tar.gz,Thing
26176553_0_1286537316787525249.tar.gz,Airport
21337553_0_8832378999628437599.tar.gz,Mountain
45318525_0_2316618400996291591.tar.gz,Company
33571539_0_2329208419585142944.tar.gz,Thing
30882673_0_3413624639855299467.tar.gz,Thing
62829759_0_2671177930807868597.tar.gz,Company
82169340_0_832291859149172943.tar.gz,Person
20616539_0_4816222926195636666.tar.gz,Company
37402655_0_9176587382722029523.tar.gz,SoccerPlayer
1947163_0_7355182740276274201.tar.gz,Thing
1831018_0_1305343919145975177.tar.gz,Thing
12089848_10_5885790408774094668.tar.gz,Thing
79160361_0_8435019164828629630.tar.gz,VideoGame
342773_0_1457463982505019607.tar.gz,Thing
74105752_1_3013731465511379585.tar.gz,Thing
1614988_0_8789868670151796042.tar.gz,Scientist
37357992_0_6637384311705961632.tar.gz,Thing
58530629_1_8489387203222722499.tar.gz,Thing
81451271_0_8111827565827966998.tar.gz,Thing
42457508_0_1207029808312772659.tar.gz,Thing
93282452_73_5554347524845149800.tar.gz,Thing
47199449_0_6002008131350048154.tar.gz,Plant
12371501_0_4530302292430566814.tar.gz,Country
16080398_0_7420904766450708625.tar.gz,Thing
43469354_0_6029017163991310319.tar.gz,City
3305556_0_5246022107429095099.tar.gz,Thing
55120282_25_1899610663503878210.tar.gz,Thing
3666987_0_5714331005592158743.tar.gz,Thing
11833461_1_3811022039809817402.tar.gz,VideoGame
43397604_0_4128381611698871392.tar.gz,Thing
38428277_0_1311643810102462607.tar.gz,Film
56114508_4_5357335479267140017.tar.gz,Thing
5829717_0_6864027211840908773.tar.gz,Company
21918326_0_5197856315954587749.tar.gz,Thing
50284735_0_1616038724003997723.tar.gz,Thing
54265298_0_1836334575944453292.tar.gz,Thing
59987833_1_2594691957056394233.tar.gz,Company
30737414_0_4329295282139475833.tar.gz,Company
65645709_0_1393121662015892050.tar.gz,Thing
47171287_0_1705507707554000067.tar.gz,SportCompetitionResult
19061339_0_5171936399481891474.tar.gz,Country
58530487_0_5905537284448499018.tar.gz,Thing
29657923_0_7780073463135694405.tar.gz,Athlete
79955570_0_4936871185979477681.tar.gz,Thing
3457888_0_8873574934591914380.tar.gz,Thing
60565342_5_4884058491506363293.tar.gz,BaseballPlayer
54719588_0_8417197176086756912.tar.gz,Film
52208141_2_5171684379987586712.tar.gz,Museum
8567121_0_6515641868675853546.tar.gz,Song
41524216_0_4346551848289098308.tar.gz,Thing
49572963_0_5733511872650693900.tar.gz,University
22285142_0_2184077951822130001.tar.gz,Thing
14311244_0_7604843865524657408.tar.gz,Mountain
10444272_0_6840822559842330948.tar.gz,Song
50934533_0_3604672441453881651.tar.gz,Thing
23814645_0_6779977923572028255.tar.gz,Thing
41810530_1_5017732121580201319.tar.gz,Thing
52615705_0_507644927311341481.tar.gz,Thing
9567241_0_5666388268510912770.tar.gz,Newspaper
30426817_0_4481953970933098012.tar.gz,University
41726814_0_5246690523541594527.tar.gz,Thing
11363156_0_5872099527568241360.tar.gz,Thing
45782592_1_987775950858384778.tar.gz,Thing
99026184_0_499559488212231355.tar.gz,Thing
10786782_0_7941448888047609465.tar.gz,Company
50223062_1_141844168318922848.tar.gz,Thing
73309672_0_8413332717662551162.tar.gz,Thing
58089410_0_6172671259261802663.tar.gz,BodyOfWater
26130822_0_9083778740341106839.tar.gz,Currency
13210603_0_200258762100398800.tar.gz,Country
23856534_0_6263475333577800647.tar.gz,Bird
60395849_1_4645677549774253864.tar.gz,Thing
14322425_0_281964118534741951.tar.gz,Country
26804367_0_1270285725806925479.tar.gz,Thing
59834519_2_3174952945641379006.tar.gz,Drug
7601761_0_5711732824768669832.tar.gz,Thing
28646774_0_3256889721737611537.tar.gz,PoliticalParty
42674710_1_5834642935016858864.tar.gz,Food
29141743_0_765391262657442741.tar.gz,WrittenWork
83130342_0_5685196559796819416.tar.gz,Thing
24245434_0_3567786096568748571.tar.gz,Thing
62112420_0_1512359368759345872.tar.gz,Company
67084505_0_5135908294330238836.tar.gz,Thing
40246909_0_3850686035102408556.tar.gz,Thing
191616_0_1698324778713862982.tar.gz,Thing
32647433_0_443626249546197655.tar.gz,Thing
92298467_0_6668323630240480756.tar.gz,Thing
96960685_0_6886906070865701391.tar.gz,Thing
52113152_1_2091909504328834826.tar.gz,Thing
63806654_0_821234397704980782.tar.gz,Thing
61546166_0_1701579006600848663.tar.gz,Thing
56113025_0_8495089757479620825.tar.gz,Thing
74207889_106_7633240757596517189.tar.gz,Thing
10141841_0_473063208079217959.tar.gz,Company
10214239_1_395775245341301142.tar.gz,Thing
20082970_0_834986473129710647.tar.gz,Thing
61589954_0_2868434145518191545.tar.gz,Thing
336175_0_160385936713494019.tar.gz,Thing
17403723_0_3002028163602543505.tar.gz,Thing
16767252_0_2409448375013995751.tar.gz,Film
41532913_0_4899559436444266508.tar.gz,Country
24417511_0_3058323105166963431.tar.gz,BaseballPlayer
9931816_0_2647599887020622155.tar.gz,Country
61371918_83_8053355487268989736.tar.gz,Thing
86627271_6_2239821927452848323.tar.gz,Lake
8046117_0_2578055099402811078.tar.gz,Website
32939195_2_4766751392395748495.tar.gz,Thing
10441151_6_8222385521125108252.tar.gz,Country
14600983_0_6164010828511632198.tar.gz,Language
8545566_0_4213948895919669638.tar.gz,Software
61895295_0_513515662608246567.tar.gz,Thing
53583534_0_503521622577229691.tar.gz,Building
42504652_0_1678070644949179289.tar.gz,Thing
60884685_1_5420701306478974044.tar.gz,MusicalWork
71142079_0_7399742082419392758.tar.gz,Bird
87144570_0_8534450429364138528.tar.gz,Company
57943722_0_8666078014685775876.tar.gz,Country
70404164_0_5498195978476333642.tar.gz,City
3962429_0_3452614694863053249.tar.gz,Hotel
21552293_0_9171645897543437339.tar.gz,Thing
29414811_12_251152470253168163.tar.gz,VideoGame
32459705_0_3646391432697673305.tar.gz,Thing
53982396_4_3787329654143109652.tar.gz,Company
24925757_0_5649889126348414819.tar.gz,Thing
96203994_0_2127964719640427252.tar.gz,Company
64499281_8_7181683886563136802.tar.gz,Museum
55696186_0_8889766031116245122.tar.gz,Country
9187872_0_2424072302871164128.tar.gz,Thing
67653322_0_8204987257992618138.tar.gz,Newspaper
74771135_0_671393216271432897.tar.gz,Country
57602699_0_5113381867764934386.tar.gz,Thing
60565342_0_3662022478224529103.tar.gz,BaseballTeam
57938705_0_8737506792349461963.tar.gz,VideoGame
54116358_0_168219455817928357.tar.gz,Thing
51875060_0_2076519479036158547.tar.gz,Country
6227218_6_8192601456922178563.tar.gz,Country
63615246_1_4820250400668642727.tar.gz,Thing
60221793_0_9044598557533878929.tar.gz,Thing
45191108_0_5139269277436653647.tar.gz,Thing
33722761_0_6809412186615601234.tar.gz,Thing
36970377_0_4261148900882618582.tar.gz,Thing
88869808_0_488723187047472581.tar.gz,Building
83406531_0_7422016992070747874.tar.gz,Thing
21333456_2_1886495893795687264.tar.gz,Scientist
5935586_0_5051144311357820225.tar.gz,Thing
3490605_0_35062457443002516.tar.gz,Thing
38962855_1_897626935236411661.tar.gz,Organisation
17517667_4_1770060323724374078.tar.gz,Thing
31811842_0_1235726860101555127.tar.gz,Thing
86140967_0_5653612945919489152.tar.gz,Thing
25596525_19_493017381832871561.tar.gz,Person
44734085_0_7998003037628300641.tar.gz,Thing
47414637_0_3386496413651203173.tar.gz,Thing
32286995_0_428076949991393276.tar.gz,Thing
72620259_2_8639970203894610229.tar.gz,SportCompetitionResult
65266991_0_2721266641099340288.tar.gz,Thing
83577589_0_3008022348570648346.tar.gz,MusicalWork
34883336_59_4189696936337615546.tar.gz,Thing
44980526_0_7205957710458910707.tar.gz,Thing
15372765_0_8035371262038570271.tar.gz,TelevisionShow
28236078_0_711461011835296057.tar.gz,Thing
95017961_1_9085480426051287810.tar.gz,Thing
68442591_0_8506821153001360777.tar.gz,Hospital
2527169_2_5639845691227964904.tar.gz,Thing
93024705_0_204861952610746263.tar.gz,Thing
45593932_0_6869375743660252130.tar.gz,Scientist
92896255_0_4593968708343548527.tar.gz,Plant
22864497_0_8632623712684511496.tar.gz,VideoGame
99542663_0_7603724551662549602.tar.gz,Thing
26475274_0_5169875566714779559.tar.gz,Thing
82655176_0_3602776456342016476.tar.gz,Thing
85276835_0_554358776500088676.tar.gz,BodyOfWater
7345787_0_7542471990258907425.tar.gz,Thing
80317637_0_8482966621484727066.tar.gz,Thing
39606331_0_1646213676302448706.tar.gz,PoliticalParty
87065718_2_3198792361477882215.tar.gz,WrittenWork
2648307_0_3662743870350035178.tar.gz,Software
17440221_1_1448643917281630024.tar.gz,Company
8009320_0_5507755752653817624.tar.gz,Country
38717882_0_7802466317652487607.tar.gz,Thing
20305894_0_4488304637754124496.tar.gz,Thing
4608718_0_4614287393708450880.tar.gz,EurovisionSongContestEntry
38987686_0_7135762360717955737.tar.gz,Thing
39194304_0_3756573859436846370.tar.gz,Thing
43942672_0_7638536655105773170.tar.gz,Thing
19424472_0_4455691848372097990.tar.gz,Film
77752478_5_734955384866912081.tar.gz,Thing
22987653_1_1444521003651780995.tar.gz,Scientist
20961950_1_1802689598502896233.tar.gz,Thing
8942786_0_476114605445804453.tar.gz,Thing
87586853_0_3735179948131609706.tar.gz,Thing
57793840_6_5103540736532729331.tar.gz,Country
71646049_0_4120046186242722159.tar.gz,Thing
28079336_2_2139598421036200532.tar.gz,Company
56370072_0_2275438251052001111.tar.gz,Thing
32812626_0_5428724146873158593.tar.gz,Hospital
29823760_1_4859843782270105664.tar.gz,Thing
11278409_0_3742771475298785475.tar.gz,Company
28494901_6_7026744149694237309.tar.gz,Scientist
47366536_0_7934210749883396000.tar.gz,GovernmentalAdministrativeRegion
8787838_1_4485015334954333201.tar.gz,Thing
34501970_0_2477755352098394078.tar.gz,Song
48495038_0_1033305650426317920.tar.gz,Album
9744586_0_381567360599034900.tar.gz,Building
56699591_1_587931249299021802.tar.gz,City
20616754_0_2107151855994528708.tar.gz,Thing
21489131_1_4878161596208340806.tar.gz,Plant
7434454_0_4815967421822894315.tar.gz,Country
37033280_0_8548118061960249334.tar.gz,Thing
69700242_0_5083336231505084859.tar.gz,Thing
35220411_0_857837380451119553.tar.gz,Company
63003117_0_7618886323097127239.tar.gz,Thing
73664294_6_5973090938640571720.tar.gz,Country
25204028_0_5607873390344527171.tar.gz,Thing
22711188_0_8855302862541065948.tar.gz,Thing
33067063_1_8549415117629739823.tar.gz,Plant
40096374_0_24841992681520176.tar.gz,Thing
90920151_0_2773619274051152077.tar.gz,Thing
84298322_1_8543362646571974060.tar.gz,Thing
41736610_0_4529393767763359475.tar.gz,Country
53852445_1_9091329271177363354.tar.gz,Company
81024249_0_62186987559658105.tar.gz,Film
35462265_0_5392458233017837374.tar.gz,Thing
4977991_0_4118394545723406352.tar.gz,EducationalInstitution
1161089_0_5465370998821558786.tar.gz,Country
17736709_0_1564394106449716848.tar.gz,Thing
23381801_2_9215343144058356737.tar.gz,ProgrammingLanguage
8567113_1_3491586761914499388.tar.gz,Thing
94397716_0_8327583744512947214.tar.gz,Country
18993206_0_3760102484535903020.tar.gz,Thing
46545953_0_1390715569559136600.tar.gz,Thing
853984_0_6401712005804835925.tar.gz,Thing
25675005_0_1177227297295622465.tar.gz,Thing
68443503_0_1864745991457698216.tar.gz,Country
90872762_2_6397052065558578405.tar.gz,Country
74456629_0_9181708091579983775.tar.gz,Thing
12030760_2_2831395308495902552.tar.gz,Thing
72456516_1_6288079886835841512.tar.gz,Thing
11258809_0_2785415178891440956.tar.gz,Thing
24850757_0_5978004733768297283.tar.gz,Country
21354853_0_6153385722741245059.tar.gz,Thing
2999779_0_7805385480402368959.tar.gz,Thing
98458255_0_5873264818593370400.tar.gz,AcademicJournal
19330239_0_1196798682503639631.tar.gz,Thing
72363745_7_4457832434001668856.tar.gz,Thing
44005578_0_5400481538370055338.tar.gz,PoliticalParty
56975870_0_9027279863115811222.tar.gz,Country
28154036_0_909001972154294543.tar.gz,PoliticalParty
85980028_0_2760165617119954506.tar.gz,Thing
29160780_1_1225658508088014874.tar.gz,Thing
4730513_0_8573199053866072336.tar.gz,Scientist
27115185_118_1430390750803198949.tar.gz,Thing
49801939_0_6964113429298874283.tar.gz,Mountain
20986241_65_3608925342189645289.tar.gz,Thing
7770782_0_7685222592074548181.tar.gz,Thing
40306430_0_503078389414872953.tar.gz,Thing
47101798_1_4424372688353800689.tar.gz,MusicalWork
27115185_25_6617652978902760028.tar.gz,Thing
5319693_0_2365634686161800662.tar.gz,Thing
91223933_0_1674101905762288058.tar.gz,Thing
35441429_0_6133989703583307984.tar.gz,Organisation
57471743_0_4085523800108040264.tar.gz,Thing
59937057_0_1339977062851150615.tar.gz,Thing
31139951_0_8852229137797828732.tar.gz,Museum
71906453_0_7287774935077400431.tar.gz,Company
62564020_0_3836030043284699244.tar.gz,Animal
73116685_0_266120428606342000.tar.gz,Thing
9143922_0_4467777872333855712.tar.gz,Stadium
9834884_0_3871985887467090123.tar.gz,Museum
1059202_5_7486554791844585546.tar.gz,Thing
64146890_0_7633297468234955085.tar.gz,Thing
34899692_0_6530393048033763438.tar.gz,Country
20986241_50_4809901414396519122.tar.gz,Thing
86830941_1_9170380716357486162.tar.gz,Thing
35206415_0_7787519127740003702.tar.gz,Bird
20354725_0_8643504644055547266.tar.gz,Thing
49087820_0_461228320225084868.tar.gz,Country
75022277_0_6693812820589580743.tar.gz,Thing
62916501_0_177468011659010922.tar.gz,Thing
13437813_1_4984590106101769540.tar.gz,MusicalWork
64955236_6_3207697025849543097.tar.gz,Thing
15065243_0_8529565243389929728.tar.gz,Thing
74207889_51_3625828249613584310.tar.gz,Thing
82117505_2_2278975068503791349.tar.gz,Thing
95273593_0_6111612762537518677.tar.gz,Thing
31552687_0_3065511486927360820.tar.gz,Country
29246469_1_8730528225992017056.tar.gz,Language
54354044_99_1452329054207560798.tar.gz,Thing
57806708_0_4782539142314908882.tar.gz,Thing
17457103_0_5697625165969806538.tar.gz,Airline
66464821_21_769930193758503295.tar.gz,Thing
37523732_0_1982592810622787601.tar.gz,Airport
25683782_0_6170606456507734186.tar.gz,Thing
44895928_0_5308296596432936088.tar.gz,Website
90855530_2_131249437976637546.tar.gz,Thing
33242247_1_7232384061498591611.tar.gz,PoliticalParty
63626642_0_5116056723190782463.tar.gz,Thing
10151359_0_8168779773862259178.tar.gz,Book
14371564_0_7072067535487685884.tar.gz,Thing
95942871_9_1442908185816138298.tar.gz,Thing
58977249_0_1109848886155853878.tar.gz,SportFacility
33985546_0_3121845906724822114.tar.gz,Company
88664813_0_2642293452284528489.tar.gz,Thing
27860381_0_2772890205775401656.tar.gz,Thing
28856708_0_1899933704049400626.tar.gz,Country
3142849_0_7179764236486116991.tar.gz,Thing
22358454_1_3848574233688785649.tar.gz,University
4558800_0_5598080933894411986.tar.gz,EurovisionSongContestEntry
93970356_0_8661961460469180779.tar.gz,Thing
36384347_0_2862945493625567308.tar.gz,School
51755646_0_3241373327891698810.tar.gz,Thing
16058333_0_5687159958350579570.tar.gz,Bird
1138695_0_4507187151473953210.tar.gz,Thing
8773036_3_8372872839959891408.tar.gz,Monarch
21817610_0_6487652856310583754.tar.gz,Software
23528054_6_8597316897643476734.tar.gz,Thing
50210219_0_8898545567272822020.tar.gz,Thing
45935450_0_3397553398890221848.tar.gz,Thing
1855026_0_2649294815821763297.tar.gz,Country
77457345_0_1060203785281386364.tar.gz,Country
29390317_0_7119416740987313617.tar.gz,University
81595602_0_7077962990487220424.tar.gz,VideoGame
72820323_0_5725039866199467623.tar.gz,Thing
88167632_0_8265990161145001318.tar.gz,Thing
79001308_0_8379672693774869684.tar.gz,Thing
37387615_0_3960110523737702085.tar.gz,Thing
80655999_0_6492267984831800466.tar.gz,Thing
56957264_0_5995952328182488344.tar.gz,Thing
10671448_2_5536201888531631215.tar.gz,Broadcaster
21328001_70_8181715373229683658.tar.gz,Thing
45736657_10_9012093897150615203.tar.gz,Thing
75882673_0_8081142093265546796.tar.gz,Country
36889791_0_8639133017020193176.tar.gz,Thing
26152062_0_675541188115340566.tar.gz,Thing
52680563_0_6280600722685087018.tar.gz,Thing
71375784_0_9087567527682243471.tar.gz,Company
25515832_0_355068903056364858.tar.gz,Thing
27080020_0_5941662047388785649.tar.gz,Thing
36039980_4_4283009829602711082.tar.gz,Mountain
68850572_0_1656050726368899590.tar.gz,Thing
41326315_0_3252402061432270953.tar.gz,Thing
40225507_0_4879354290095678232.tar.gz,Thing
36336126_1_3780582545821259238.tar.gz,BasketballTeam
50051800_1_7014125496410717251.tar.gz,Thing
69635781_0_5000183208256301209.tar.gz,University
43896810_0_2512702715361295682.tar.gz,Thing
77281650_0_8585097775884803036.tar.gz,Bird
1375361_2_3482684768420568287.tar.gz,Drug
62576851_2_5159166631260669909.tar.gz,Thing
34045478_0_6424257706638980217.tar.gz,Company
60646164_0_7086729388967946050.tar.gz,Country
47687993_1_2128651732460781549.tar.gz,Company
139979_0_3128123352629488215.tar.gz,Thing
81340305_3_5150248851807981337.tar.gz,Thing
36427332_0_5069069681421746694.tar.gz,Country
28879187_0_6363053162475451186.tar.gz,Thing
54017313_0_3756701416801068549.tar.gz,Country
77204435_0_5486790517065837847.tar.gz,Thing
55628912_0_4892150618816393910.tar.gz,Thing
87164899_0_4640733786246362698.tar.gz,Country
9206866_1_8114610355671172497.tar.gz,Country
66964601_8_89554358176613949.tar.gz,Thing
38049844_0_6092664973543924391.tar.gz,Thing
20596330_0_806440863640902215.tar.gz,Thing
29187807_6_7732057143810961558.tar.gz,Country
79145554_1_8756673706870266060.tar.gz,Thing
23362259_0_6423595299295342642.tar.gz,Thing
54112392_0_160015365721559357.tar.gz,Lake
52660391_0_2674957888249412549.tar.gz,Country
28036255_0_5705563063166785494.tar.gz,Mountain
56834172_0_5710924050177414995.tar.gz,Company
61069974_0_1894536874590565102.tar.gz,Country
44293212_0_6359078604709090797.tar.gz,Thing
33542937_118_3480651878314097427.tar.gz,Thing
25933880_0_4058554985574416690.tar.gz,Wrestler
58511892_0_8602750237359002763.tar.gz,Thing
23806649_0_1896909267378774466.tar.gz,Bird
51130304_0_3035822254995425429.tar.gz,Monarch
55616999_0_3327725698570325419.tar.gz,Thing
95785170_5_596861133444548447.tar.gz,Thing
69215547_0_2410132625527178485.tar.gz,Bird
2396637_3_7548838044524048326.tar.gz,Thing
25256280_0_3777936437828877497.tar.gz,Mountain
73812603_0_6064818614632004935.tar.gz,Thing
85101419_0_1665188004988185068.tar.gz,Thing
47131664_0_3715609868541003142.tar.gz,Thing
54802079_0_6709615660980454909.tar.gz,Plant
63502595_0_5000040078649843088.tar.gz,Thing
2629891_3_8342749419866982161.tar.gz,Thing
39173938_0_7916056990138658530.tar.gz,Film
72294938_0_4892470736727523720.tar.gz,Thing
97115612_0_4197797323434388269.tar.gz,Thing
59421882_0_3387840925737662353.tar.gz,Country
79058714_0_9111059240060469828.tar.gz,TelevisionStation
51401669_0_4522179123009571818.tar.gz,Thing
51323799_0_8741726773904427230.tar.gz,Thing
32634945_0_238984269169901464.tar.gz,Dog
70883081_0_5357790421435123524.tar.gz,PoliticalParty
34754294_0_5531742856544282465.tar.gz,Thing
88210301_0_7622319921998171452.tar.gz,Thing
92340801_0_1471646764769130123.tar.gz,Thing
30808326_0_723244698277787800.tar.gz,Thing
67711345_1_5747553575241702822.tar.gz,Thing
8347208_0_9132968673530492358.tar.gz,Plant
37933521_0_6727449830800877555.tar.gz,Currency
74491133_0_7177831100884797849.tar.gz,Country
22052232_0_9137613937468456664.tar.gz,Plant
20964053_0_3957335528383551719.tar.gz,Airport
46837886_4_1993214245725091948.tar.gz,VolleyballPlayer
96068725_0_610234897325770080.tar.gz,Country
66329615_0_3585856495110277641.tar.gz,VideoGame
79607822_0_4328653615730111909.tar.gz,Company
6294399_0_1330875235984650105.tar.gz,Thing
4204943_0_7870971160495204741.tar.gz,Animal
23254343_6_2668761267278059108.tar.gz,Country
13454929_3_3427692318161869481.tar.gz,Thing
8403248_0_5597742444935895055.tar.gz,Monarch
90872762_0_6593129930785652491.tar.gz,Country
7588038_0_868330296696732496.tar.gz,Thing
65553232_0_2758698402029296524.tar.gz,Thing
74650209_0_7537562371765059762.tar.gz,Thing
15805677_0_5268816904235396199.tar.gz,Thing
64092785_0_4696367782987533337.tar.gz,Company
72709069_0_6026473306423584081.tar.gz,Thing
57790315_0_2715326399585929245.tar.gz,Company
63389809_0_8179819543692215824.tar.gz,Company
53455764_0_4215166203428068646.tar.gz,Thing
94394526_0_4696953943024976726.tar.gz,Thing
46640397_0_2344499187957320193.tar.gz,Thing
16191161_0_7258680830509381288.tar.gz,Bird
53965226_1_4800340277857273285.tar.gz,Thing
56086539_0_102830223899260121.tar.gz,Thing
38066895_0_1782938555442038836.tar.gz,Person
13594520_0_115202711765783273.tar.gz,Thing
3585099_0_2782624390040186338.tar.gz,Thing
21861216_0_6222040480577200769.tar.gz,Thing
14007582_0_4628453535445348621.tar.gz,Thing
24003697_0_8569423605161973748.tar.gz,Bird
77966206_0_1195253555271872782.tar.gz,Thing
34376307_0_5440828156797177892.tar.gz,Thing
57128500_0_7456845944994373500.tar.gz,Country
45530643_2_5128915617716394843.tar.gz,Book
68779923_5_2067037721454758189.tar.gz,Country
12523800_2_7723550900071057070.tar.gz,Thing
14653690_0_282171658256508689.tar.gz,PublicService
48086771_6_7784317645417045317.tar.gz,Country
26796763_0_4259554776624631288.tar.gz,Thing
28742041_0_7128759839591956529.tar.gz,Website
9289875_0_4356417112166012371.tar.gz,Thing
69080079_0_7129721018149458178.tar.gz,Thing
29857217_0_961038783966485949.tar.gz,Newspaper
49212761_0_5458941299740120808.tar.gz,Thing
37774264_0_4907074222220944697.tar.gz,Thing
66009064_0_9148652238372261251.tar.gz,BaseballPlayer
94981869_0_7847543897855234904.tar.gz,FormulaOneRacer
43729470_1_5047305886112599189.tar.gz,Country
29414811_6_8221428333921653560.tar.gz,VideoGame
14025494_2_3475632503054569331.tar.gz,Thing
50246043_0_7259493986424951702.tar.gz,University
60319454_0_3938426910282115527.tar.gz,Animal
48434781_1_751387943323553385.tar.gz,Thing
97871282_0_533855351237678151.tar.gz,Thing
15315154_0_3479765624289936080.tar.gz,Company
99070098_0_2074872741302696997.tar.gz,Mountain
48717005_0_7017678745433430852.tar.gz,Thing
44385268_0_2241313434645378258.tar.gz,Work
23216494_0_6030901565640335038.tar.gz,Thing
21716197_0_8604277995161381914.tar.gz,Thing
21245481_0_8730460088443117515.tar.gz,Lake
18422942_0_3659164506677528063.tar.gz,Work
22400235_0_2292155101117065908.tar.gz,Thing
22911949_0_6466451428424988557.tar.gz,Thing
75143423_0_7349921011387003121.tar.gz,Thing
14127127_6_2316236234992894623.tar.gz,Thing
67473681_1_1553033887623724561.tar.gz,Thing
71222357_0_4978199639991926499.tar.gz,Thing
712365_3_773369972631584728.tar.gz,Thing
49582134_4_386588695062120665.tar.gz,Thing
13357355_0_5384862281417742530.tar.gz,FictionalCharacter
6948652_0_6838723208978879213.tar.gz,Thing
36257108_0_7240570829539406490.tar.gz,Thing
14965544_0_1929902158197781558.tar.gz,Thing
49777313_0_8589406213484712417.tar.gz,Country
20524812_0_6310774068581901286.tar.gz,ShoppingMall
7509226_0_1789938079531021358.tar.gz,Thing
99022135_0_7554945610165642414.tar.gz,Thing
3917335_0_7791699395300625164.tar.gz,Country
99687188_0_1844204354931842929.tar.gz,Thing
49922931_0_5924488361358628645.tar.gz,Thing
67921076_2_4480980611468384854.tar.gz,Thing
79354979_21_607487433845197843.tar.gz,Thing
7750134_0_205896052236342185.tar.gz,Thing
40623493_0_6956484430448544525.tar.gz,Country
2493685_2_9217875341098336799.tar.gz,Thing
80827625_1_2684166893330372167.tar.gz,Thing
18083306_0_8789601559690019407.tar.gz,Thing
13948048_0_1872981699237768161.tar.gz,Thing
50150079_0_1209985375645286995.tar.gz,Currency
28079336_1_3124145965038277571.tar.gz,Company
4296522_0_3279015858728301949.tar.gz,Thing
18335243_0_8881690283282252751.tar.gz,Company
26241842_0_3347879405566592562.tar.gz,Thing
42208433_0_3684136807468226333.tar.gz,Thing
88097235_0_8896433470162608713.tar.gz,Thing
33344442_0_871018354923952731.tar.gz,Country
16949304_0_2573050770332101882.tar.gz,Hospital
77721177_14_8054963527641740256.tar.gz,Thing
76409500_0_7286308079632259972.tar.gz,University
93288060_1_436388230507704265.tar.gz,ArchitecturalStructure
76463338_0_3174844520526644313.tar.gz,Thing
13552871_0_3094192383546450412.tar.gz,Thing
56224555_0_3713922722778385817.tar.gz,Company
94940168_1_1761074573366071335.tar.gz,Thing
75165713_1_8877144812391584402.tar.gz,Thing
78616821_0_2458612333287914096.tar.gz,MusicalWork
33957212_0_9197302490767822320.tar.gz,Thing
959479_0_7525293300432078062.tar.gz,Thing
20986241_29_1820142626567749027.tar.gz,Thing
42674644_0_2292285533455902746.tar.gz,Thing
91959037_0_7907661684242014480.tar.gz,VideoGame
21362676_0_6854186738074119688.tar.gz,Film
15495474_0_7078896878676844576.tar.gz,Thing
85429981_1_4470353330382197652.tar.gz,Thing
19426224_0_7375372951718894967.tar.gz,Athlete
43913011_1_2862529798365209414.tar.gz,Thing
66461875_0_2304260891646278760.tar.gz,Thing
13943628_0_4792393506188599403.tar.gz,Film
26894256_1_6425495804540595245.tar.gz,Thing
38363138_2_8981707723101632092.tar.gz,Thing
64823692_1_4940594783151385758.tar.gz,Thing
57838868_0_1615533258691364212.tar.gz,Thing
40249482_0_2441132241628525183.tar.gz,Thing
20677031_1_5176394656603375334.tar.gz,Thing
17134506_0_8300000945713288548.tar.gz,Thing
18979064_0_2886467516757653420.tar.gz,Bird
26822293_0_6607762766217039272.tar.gz,Thing
53504073_0_2502890650994002389.tar.gz,Thing
44206774_0_3810538885942465703.tar.gz,GolfPlayer
93541760_6_4293952209940084127.tar.gz,Thing
89511064_0_2199624509082573904.tar.gz,Country
16276214_0_8200189814034111177.tar.gz,EducationalInstitution
22863425_0_1060116388760534515.tar.gz,Thing
86747932_0_7532457067740920052.tar.gz,Airline
64467613_0_3650836643431108072.tar.gz,Thing
33127758_0_607484703577728137.tar.gz,Magazine
36817632_1_4370550587646033065.tar.gz,Thing
29211528_0_1792943520277247013.tar.gz,Beer
41194422_1_1172256090552737974.tar.gz,Country
69381058_0_984708047398578866.tar.gz,Mountain
80084514_0_9114495336693212442.tar.gz,SoccerPlayer
14894087_0_3832910567026723038.tar.gz,Thing
48944826_0_2321751364268052533.tar.gz,VideoGame
93702496_0_39013305210829591.tar.gz,Company
61054043_1_106145480079642871.tar.gz,Thing
61922384_1_3749335427691134896.tar.gz,Thing
34590313_0_1819259427414504804.tar.gz,Thing
40387275_6_7793652942844303566.tar.gz,Country
15139703_0_6229416506565829984.tar.gz,Animal
84038373_0_8040918427400930330.tar.gz,Thing
32460905_0_5195150472060854231.tar.gz,Hospital
86405713_0_6501453810427699030.tar.gz,Thing
48456557_0_3760853481322708783.tar.gz,Animal
63764999_0_669667965550040998.tar.gz,Thing
97019906_0_8714932877189166407.tar.gz,Thing
12271141_0_213693783755148562.tar.gz,Company
509101_0_3969926700389801582.tar.gz,Thing
13454929_15_1273971265318299763.tar.gz,Thing
32943564_0_7900791989967312192.tar.gz,Thing
26728607_0_3941350047738669423.tar.gz,Thing
64577875_0_6185031398521107583.tar.gz,Thing
11688006_0_8123036130090004213.tar.gz,Country
14740413_1_1179418066189221453.tar.gz,Thing
27243333_0_3940600124790414209.tar.gz,Thing
9497003_0_3411084013617942603.tar.gz,Thing
61138813_2_2996209891487350844.tar.gz,Thing
14555698_0_5839471950536358039.tar.gz,Thing
39742782_2_4947645167894471304.tar.gz,Thing
52572391_0_8684896999787304275.tar.gz,Company
68779923_4_1832350971585698643.tar.gz,Country
10937282_0_8167677210173294859.tar.gz,MusicalWork
99491855_0_4643985914473205859.tar.gz,Thing
69954408_0_713623261917118617.tar.gz,Hospital
66292152_0_5987970185107365080.tar.gz,Thing
97002157_37_8804882108100022822.tar.gz,Person
83626253_0_1722513863780895644.tar.gz,Thing
9475172_1_1023126399856690702.tar.gz,TelevisionShow
76329923_28_4326461116532325610.tar.gz,Thing
90196673_0_5458330029110291950.tar.gz,Animal
11635883_32_89080765242877605.tar.gz,Thing
67553951_0_4077621944520716551.tar.gz,Country
35569820_0_1769919387414209766.tar.gz,Thing
19481535_0_4066236207862135979.tar.gz,Thing
55491474_0_8867934015001930906.tar.gz,Thing
21801207_0_8144839668470123042.tar.gz,VideoGame
55200458_0_5134953044545143893.tar.gz,Thing
26504355_0_481459312899964070.tar.gz,Thing
13437973_0_5297021911125337640.tar.gz,Company
27466715_0_3913547177671701530.tar.gz,VideoGame
25373708_0_87862299715169195.tar.gz,Country
25584563_0_7261221905072002362.tar.gz,Bird
53044288_0_9039456902637454743.tar.gz,Thing
95064553_0_174736325349954177.tar.gz,Country
69496573_0_5655797430227691002.tar.gz,Thing
43143339_1_6533807084029819964.tar.gz,Thing
59348776_2_8539615728722401175.tar.gz,Thing
26270372_1_3774607938887520564.tar.gz,Monarch
59480147_0_5932941413717719144.tar.gz,EducationalInstitution
59253983_0_4826347388661803581.tar.gz,Thing
73405624_0_5164687422121926441.tar.gz,Thing
5154070_3_8525171764644346461.tar.gz,Thing
30194657_0_5591633056005596100.tar.gz,Thing
24802185_0_5843407684327213867.tar.gz,Thing
81151251_0_642671654716045216.tar.gz,Thing
30965004_6_4856622180559928314.tar.gz,Country
88747816_0_8975964905937508920.tar.gz,Thing
29708223_0_1475585907603822717.tar.gz,Thing
74788162_0_8974169396638484975.tar.gz,Thing
11069328_0_589256019576578201.tar.gz,Thing
37679663_0_4013837538739019087.tar.gz,Thing
91474256_0_964747655387573523.tar.gz,City
70360257_28_4842732988928646605.tar.gz,Place
989567_3_891444213692329219.tar.gz,Thing
58255527_0_2961469008089172433.tar.gz,Book
42660088_0_3948662081285031080.tar.gz,Song
42214081_0_2116970717535363190.tar.gz,Thing
13561753_0_607267138925868026.tar.gz,MusicalWork
49300318_0_487577325811451303.tar.gz,Thing
33542937_130_4316292444360237336.tar.gz,Thing
2493685_3_2754716050951914988.tar.gz,Thing
35417397_0_968876705875634222.tar.gz,Church
52572391_0_7094721874885552733.tar.gz,Company
69040932_0_8207211438395107001.tar.gz,Thing
6094085_0_1048300580370227122.tar.gz,Restaurant
14690789_0_4123368727428089422.tar.gz,Thing
89207766_0_5791778341368920654.tar.gz,Thing
42325948_1_3467902826269727097.tar.gz,Thing
62003444_21_8860882014015976871.tar.gz,Thing
8539374_0_7877246761503038091.tar.gz,Film
73235714_0_8084490602540041372.tar.gz,Airport
48604422_0_8533547982957191390.tar.gz,Thing
60368626_0_1979252972992057221.tar.gz,Thing
22259640_0_4674992003347925276.tar.gz,Thing
88353875_0_4876234304797064286.tar.gz,Mountain
49432419_176_6645494525224693823.tar.gz,Thing
16505185_0_81765887821632304.tar.gz,Thing
80467247_0_1848557299551372303.tar.gz,Thing
52340077_0_7623033473986759010.tar.gz,Country
86404401_0_2733811172126314143.tar.gz,Thing
47484702_1_3760966979879313079.tar.gz,Thing
32645635_6_5012112380716631606.tar.gz,Country
78650283_0_5937576517849452289.tar.gz,Country
50640702_2_5515354138516984173.tar.gz,Thing
98289907_4_5933649510089300006.tar.gz,Book
50270082_0_444360818941411589.tar.gz,BaseballPlayer
33542937_76_5148279920345351385.tar.gz,Thing
44332866_0_693464373199596512.tar.gz,Thing
39965290_0_9052816602397902727.tar.gz,Thing
26456957_1_5832870075173199979.tar.gz,Drug
73669801_0_9093021628798522810.tar.gz,Thing
88523363_0_8180214313099580515.tar.gz,Plant
49927018_0_1687167557830128662.tar.gz,Thing
55425165_0_40334570630691989.tar.gz,Thing
42948573_1_3377027333701771374.tar.gz,Thing
69881946_0_1105130426898457358.tar.gz,Film
33542937_104_8065578854722628901.tar.gz,Thing
51102102_2_214598446729546814.tar.gz,Thing
61621518_0_9194179698529172702.tar.gz,School
6722143_0_1345476711617569716.tar.gz,Thing
14424211_0_7073926184260401577.tar.gz,Thing
26829588_0_887608310333556180.tar.gz,Thing
3961231_0_3105735359303255825.tar.gz,Thing
9481772_0_8978909624688207689.tar.gz,AdultActor
6571612_0_4983218044919858440.tar.gz,Company
98014415_1_6448160128690045446.tar.gz,Thing
27866405_0_2396604304837198384.tar.gz,Work
7528531_0_5040719304582663442.tar.gz,Thing
92759613_0_8832617216373443828.tar.gz,ChessPlayer
62661549_1_4033826755481163536.tar.gz,Country
88481863_0_6391078045627451896.tar.gz,University
2297876_2_6966366172015676804.tar.gz,Drug
2667189_0_3973260079562286516.tar.gz,Thing
85136091_0_2880233526824202658.tar.gz,Thing
53822652_0_5767892317858575530.tar.gz,Film
86327266_0_6557745357715678345.tar.gz,Country
13376332_0_8145197110601273723.tar.gz,Currency
9267747_0_6273267127176295991.tar.gz,Thing
64022052_0_5468367579767231475.tar.gz,Thing
14830204_2_1016218006720318471.tar.gz,Thing
96814359_6_7237138193268234564.tar.gz,Country
83540521_5_7113111106454911412.tar.gz,Thing
74207889_198_2058899471832647281.tar.gz,Thing
83484168_0_1803291375936617541.tar.gz,Thing
67695851_0_400134715929132207.tar.gz,Thing
7743101_1_5550435764394268813.tar.gz,Thing
78198348_0_4585317228922273727.tar.gz,Company
23823746_1_5921191076324323720.tar.gz,Thing
24940385_6_4722901801779154709.tar.gz,Thing
78523811_0_6176321811415968276.tar.gz,Thing
11249915_6_9132896720542462617.tar.gz,Country
18002065_0_4506192379328497724.tar.gz,Thing
7676830_0_8056365332800040030.tar.gz,Company
62556003_0_1522938138451838671.tar.gz,Mountain
28416789_13_4178927025704720090.tar.gz,Thing
55004961_0_2904467548072189860.tar.gz,Country
32994131_0_7968254360520075085.tar.gz,Thing
45530643_0_5502803452312603316.tar.gz,Thing
8530966_37_9037222358670420966.tar.gz,Thing
86209729_0_4134852374882459336.tar.gz,Thing
12142517_0_5799365728317143843.tar.gz,Thing
19498680_0_7005162047170805638.tar.gz,Thing
48891347_0_2002008007976696188.tar.gz,Country
99136786_0_5269642709752720542.tar.gz,Thing
63198107_0_5688435789215389159.tar.gz,MusicalWork
61373349_0_4865186789551765185.tar.gz,Bird
35884932_0_7327034580321429902.tar.gz,Animal
88585362_0_5299319998746752335.tar.gz,Thing
26214275_0_8860883344166991261.tar.gz,Thing
97075338_0_3488016638745103298.tar.gz,Thing
70559134_0_4529539440059462499.tar.gz,Thing
89568803_0_6752737935917626750.tar.gz,Thing
98595608_0_3200002319618897063.tar.gz,Thing
36028205_0_1285656303417204197.tar.gz,Thing
77014996_4_6665563923548379555.tar.gz,Thing
84262517_0_5577598156825255305.tar.gz,Person
82245285_0_3018594827292240169.tar.gz,Thing
38146710_0_3777366193503047044.tar.gz,TelevisionStation
83023739_0_1101737513895444218.tar.gz,Bird
21077089_0_8697895616848048471.tar.gz,Thing
21585935_0_294037497010176843.tar.gz,Airport
48154773_0_1741008117333884210.tar.gz,Thing
25918416_0_4266327346061277485.tar.gz,Thing
36690981_0_5662672989654961336.tar.gz,MeanOfTransportation
10579449_0_1681126353774891032.tar.gz,Newspaper
1146722_1_7558140036342906956.tar.gz,Mountain
25436701_5_4205746903853265908.tar.gz,Thing
52240404_0_2014948340038394270.tar.gz,Company
52512312_5_3670174516646799496.tar.gz,Thing
68779923_1_3240042497463101224.tar.gz,Country
54491802_0_7702999162298447968.tar.gz,Thing
18079781_0_3055274247147518144.tar.gz,Thing
72942843_2_3659270222297062461.tar.gz,Thing
45322313_4_2557737487200701000.tar.gz,Company
82429645_0_1855458897309148052.tar.gz,Thing
19172543_0_2469672734076921182.tar.gz,Company
53248941_0_1313504066207801010.tar.gz,Thing
73152706_0_685847416556934033.tar.gz,Bird
92125277_1_6347326681377078368.tar.gz,Animal
79045893_0_4333057889045699781.tar.gz,Thing
76405201_1_2993239352358552738.tar.gz,Thing
82436089_0_2454691925060887717.tar.gz,Thing
80184932_0_4240003884724905487.tar.gz,Company
25391801_0_2035108354059593135.tar.gz,Thing
209923_0_6623557055855397144.tar.gz,Thing
15289193_0_5679227500651201579.tar.gz,Name
54271489_0_8270829268499924525.tar.gz,Monarch
24882172_0_5589018569583619075.tar.gz,Work
72504484_47_8157920943609679586.tar.gz,Thing
75153404_0_833263096468939155.tar.gz,Thing
52632467_0_6903483514362550292.tar.gz,Thing
80255499_63_9187261814401270662.tar.gz,Thing
47112694_2_551681431764606717.tar.gz,Country
88877973_0_1837788620763187478.tar.gz,Software
85627640_0_8469871215145474481.tar.gz,Thing
37550492_0_8832508203765065016.tar.gz,Country
90325533_0_6668263142989366843.tar.gz,Hospital
49736959_0_3839813895592009061.tar.gz,Thing
55350417_0_4951377660010052871.tar.gz,Thing
72320348_0_4171506445443256707.tar.gz,Thing
9720141_0_4179813072171750238.tar.gz,Company
64830613_0_2652934359857485234.tar.gz,Currency
40242083_2_801454110220930701.tar.gz,Thing
36763613_0_6418141463339739038.tar.gz,Thing
98929678_0_3700213490979945526.tar.gz,Lake
3000769_0_8304253366323269032.tar.gz,Thing
1914595_0_4764533354992109070.tar.gz,Thing
29021592_3_2299138476894681059.tar.gz,Monarch
75367212_2_2745466355267233390.tar.gz,VideoGame
22987653_0_7774852112768859306.tar.gz,Scientist
76836443_2_249332777049648171.tar.gz,Scientist
20986241_112_451353705293204509.tar.gz,Thing
25521379_0_7088652635139345738.tar.gz,Thing
57976671_0_3039578093965294161.tar.gz,Thing
3471003_0_5153538774121509372.tar.gz,Company
72017594_0_7055198579167316152.tar.gz,Museum
83991980_5_7541519111400907111.tar.gz,Thing
90790329_0_4093280808311502549.tar.gz,Thing
15681179_0_4372421798123322859.tar.gz,Company
4429085_0_7941526814649326206.tar.gz,Country
15385310_0_2154951041367928046.tar.gz,Thing
57558252_0_3344348959358764364.tar.gz,Airport
36487163_0_1190561814840095607.tar.gz,Sales
71207974_0_6588891364407261591.tar.gz,Thing
53264869_1_530811839053269226.tar.gz,Software
61371918_130_2483839210802062027.tar.gz,Thing
80502612_0_4340447180443104505.tar.gz,Thing
57418878_0_6266380290561701408.tar.gz,Thing
30645756_0_2413317245475669227.tar.gz,PoliticalParty
38206683_0_2432826420242416503.tar.gz,Thing
96977373_0_873743984486449211.tar.gz,Thing
61371918_137_4508398029601236682.tar.gz,Thing
24673069_0_936003968362208027.tar.gz,Thing
37822551_0_5505595561108184715.tar.gz,Plant
55027702_0_628532586316851176.tar.gz,Lake
61753761_9_4735181228515289890.tar.gz,Museum
83582294_0_5175413672096735796.tar.gz,Thing
31185581_0_94615838359481029.tar.gz,Company
79730374_2_6466796420533616251.tar.gz,Country
78712645_0_1649752810684672005.tar.gz,Thing
36102169_0_7739454799295072814.tar.gz,VideoGame
86340530_0_3832762433010567200.tar.gz,Country
3744682_0_5652166670056439727.tar.gz,Thing
41573270_0_2228534840773614840.tar.gz,Thing
68233553_0_1230099964048398778.tar.gz,Thing
4241465_0_757011093383520813.tar.gz,Mountain
70981398_6_1838189760410366626.tar.gz,Thing
35369896_0_105917449785937920.tar.gz,Thing
47352105_0_8032122556112377444.tar.gz,Thing
38561812_0_7053034563850070175.tar.gz,Thing
18033594_25_3431882645375071719.tar.gz,Thing
73128332_0_3363347224179898954.tar.gz,Thing
69500941_0_5201431306447127476.tar.gz,Thing
13904968_0_3233456017136939968.tar.gz,Thing
80728805_0_3300663147214297780.tar.gz,Thing
47337086_0_917837927817033633.tar.gz,Country
86807187_0_6364218993958864777.tar.gz,Thing
9447212_0_5075453375189362659.tar.gz,Website
33363588_0_8531598576383822724.tar.gz,Thing
4118371_0_7941682021632571250.tar.gz,Company
46671561_0_6122315295162029872.tar.gz,VideoGame
90908190_1_67786021582954923.tar.gz,Thing
43237185_1_3636357855502246981.tar.gz,Scientist
5260056_3_2512989098409544275.tar.gz,Thing
10133296_0_1835025541686843841.tar.gz,Company
61626303_0_266372209664087642.tar.gz,RadioStation
18881233_4_9028781308549456858.tar.gz,Thing
9637179_1_6299168296557104379.tar.gz,Thing
75643183_0_8113177599207978300.tar.gz,Thing
97158951_0_4070423949815180660.tar.gz,Thing
44401792_3_1434166924638912676.tar.gz,Thing
20674610_0_6318337052009692161.tar.gz,Thing
51596746_1_694535610771387180.tar.gz,Country
26794512_0_6754161225063848351.tar.gz,Thing
2785113_0_956031189136675741.tar.gz,Company
30839808_0_5695617323701684656.tar.gz,Thing
52670672_0_1518692127454246954.tar.gz,Country
52223460_0_8323253457119688514.tar.gz,Thing
47164105_0_6708544604226499617.tar.gz,Thing
14143419_0_8221875916656903758.tar.gz,Thing
80745449_0_2736522671961955436.tar.gz,Thing
30166286_0_1837439231599898748.tar.gz,Scientist
29886325_0_1448173912684571475.tar.gz,City
19073331_0_2742992342272078110.tar.gz,PoliticalParty
84596242_0_4318938657926864598.tar.gz,Hotel
39739978_0_1457146255961077158.tar.gz,Thing
49134611_4_1501375860067012530.tar.gz,Thing
95246824_0_930613540916989994.tar.gz,Thing
62628445_0_4345928200737704090.tar.gz,Thing
44796471_0_1446886787377516980.tar.gz,Film
52240404_12_9204600607753707104.tar.gz,Company
24613352_0_3437483841867438799.tar.gz,Person
7535538_0_6038517566893245428.tar.gz,Pornstar
322056_42_1561444180760101493.tar.gz,Thing
13395751_3_369722706637560735.tar.gz,Lake
73948496_0_2311766274300445353.tar.gz,BaseballPlayer
49029311_0_6809593354000717460.tar.gz,Thing
45688924_1_4137965046583557916.tar.gz,AdultActor
90196941_0_7105715730114316680.tar.gz,Thing
37810368_0_6332396424591583441.tar.gz,Religious
44953596_6_147441732122770461.tar.gz,Thing
45533669_1_7463037039059239824.tar.gz,RadioStation
7548515_0_8047252373368666726.tar.gz,Company
80588006_0_6965325215443683359.tar.gz,Newspaper
28984879_0_1168600932590228694.tar.gz,Thing
90360531_1_6689072431452014393.tar.gz,Thing
82207420_0_5460194503407338141.tar.gz,Language
13023426_0_9213573566441731981.tar.gz,Thing
45227492_1_8668970251627731647.tar.gz,Thing
52299421_0_4473286348258170200.tar.gz,Country
43913011_0_7679437845454824868.tar.gz,Website
20333411_4_7672560822234119615.tar.gz,Thing
2763358_3_6549185676043419575.tar.gz,Thing
16933564_0_1260985384694889937.tar.gz,Thing
11766308_0_1181098772911869047.tar.gz,Thing
37945519_0_1651121244316333332.tar.gz,Company
90416049_0_1044745740851571404.tar.gz,Thing
14971384_0_7310842370817964386.tar.gz,Thing
19969691_0_4427996660187739132.tar.gz,Project
47040737_14_8556297209383641600.tar.gz,Thing
71677274_3_6407813399767860935.tar.gz,Thing
32201321_0_8090367105250356161.tar.gz,Thing
8922349_1_8477236373970981294.tar.gz,Thing
47454446_0_1238914883279766480.tar.gz,Country
34932842_0_5042843603645843667.tar.gz,Plant
80761092_0_4555200563767448788.tar.gz,Thing
2849108_0_5238405355789704342.tar.gz,City
2175467_3_4718255240504918988.tar.gz,Thing
59473781_0_6535358626289251372.tar.gz,Thing
5972322_0_3150366936082777235.tar.gz,PoliticalParty
92709164_0_3179370335098123638.tar.gz,Thing
11249915_6_9093194031474541036.tar.gz,Country
32904517_0_5441673107137429866.tar.gz,Thing
59964940_0_7317809937814546448.tar.gz,Thing
76431189_9_8247267217236095245.tar.gz,Thing
39250380_0_7709551743073978946.tar.gz,Company
16560650_3_8833408968546905437.tar.gz,Thing
49552924_1_8489556855218379735.tar.gz,Thing
53142239_1_4578105104783075601.tar.gz,Company
66618030_0_2488625616429794023.tar.gz,Thing
80238008_1_1940599846488250113.tar.gz,Thing
28086084_0_3127660530989916727.tar.gz,Saint
7924327_1_1421126032253629219.tar.gz,Thing
36117509_3_8461928872768877119.tar.gz,Thing
136145_0_3238990842126513524.tar.gz,Thing
62314702_0_5270085436746117315.tar.gz,Country
66294693_0_7593540707949988880.tar.gz,Thing
47108311_9_2316363589294152513.tar.gz,Thing
51107023_0_1273089064311319083.tar.gz,Country
21806167_0_7056440873615830581.tar.gz,Thing
47132741_1_2666414192430186448.tar.gz,Thing
58891288_0_1117541047012405958.tar.gz,Film
68104047_0_8640659000585248025.tar.gz,Thing
71029947_0_6559994380677646638.tar.gz,Thing
65961730_0_134446716199085965.tar.gz,Country
78891639_0_3299957631631122948.tar.gz,City
49157785_0_8260751970530612715.tar.gz,Thing
6698373_0_7813229348012933919.tar.gz,Plant
48090460_0_5478100322672929053.tar.gz,Thing
76572868_1_340216996696865826.tar.gz,Song
24036779_0_5608105867560183058.tar.gz,Country
573643_0_8503363334557514537.tar.gz,Thing
42764224_0_515744189130384109.tar.gz,PoliticalParty
24318057_0_506797575999323351.tar.gz,Country
51467793_0_3799394109131212638.tar.gz,Bird
24508072_0_4717362722358864227.tar.gz,Thing
17375718_0_5955339902226830035.tar.gz,Thing
69537082_0_7789694313271016902.tar.gz,Country
24006562_0_3177461266771794284.tar.gz,Country
49688745_0_5865173677570896512.tar.gz,TelevisionStation
80885013_0_409219691669125095.tar.gz,TelevisionStation
46890270_9_3293097141869094093.tar.gz,Software
2482838_3_7019945817423117641.tar.gz,Country
54164259_0_9138657615835197853.tar.gz,Thing
49514612_0_3018439649942526297.tar.gz,Company
73242003_5_4847571983313033360.tar.gz,VideoGame
32010885_0_2937617917395771693.tar.gz,Thing
53657269_1_5161231250741028950.tar.gz,Drug
62662505_0_866780568064211104.tar.gz,Thing
13480532_0_6327960269747694783.tar.gz,Film
42505151_3_4674148550236703826.tar.gz,Thing
75519570_0_592005298605244805.tar.gz,Film
17916747_0_1623949226125683486.tar.gz,Thing
76168674_0_6204946005110663651.tar.gz,MusicalWork
84575189_0_6365692015941409487.tar.gz,AcademicJournal
14854950_0_7369669871837809428.tar.gz,BodyOfWater
45622731_0_7984999758514605203.tar.gz,Thing
75902752_0_8607214814445385098.tar.gz,Thing
46646666_0_5802598112171303204.tar.gz,RadioStation
67336061_0_7451844287851334655.tar.gz,Thing
13168879_2_7826815341558326107.tar.gz,Thing
27944275_0_3595539032297876616.tar.gz,Country
55802090_0_6460481917415580283.tar.gz,Thing
55834572_0_8268386959830952405.tar.gz,Thing
58456681_0_4735942546439050441.tar.gz,Thing
66534416_0_7184492864434331906.tar.gz,Thing
62003444_33_1288532209491867207.tar.gz,Thing
12187596_5_2670947630490462207.tar.gz,Thing
73810207_0_5596042694090771467.tar.gz,Thing
82806029_0_754412734048970289.tar.gz,Thing
37908280_0_7705474723269010154.tar.gz,Plant
77645700_8_4795380875635002066.tar.gz,Thing
42509511_30_7149499636014883057.tar.gz,Thing
41979484_0_7163008898494956882.tar.gz,Thing
3389822_6_374624044314151266.tar.gz,Mountain
28669943_0_146230727530975619.tar.gz,Country
20386514_7_509458313105541838.tar.gz,Thing
38921467_0_6998339193933465347.tar.gz,Thing
5125681_6_5647583576580317440.tar.gz,Country
99084079_0_453254494898256409.tar.gz,Currency
75626528_1_5169917623225876694.tar.gz,Thing
8162272_0_3499404427213387973.tar.gz,Thing
21873113_0_3191510498077749700.tar.gz,Thing
56277342_1_3604102677010506808.tar.gz,Thing
6008357_0_2396357747642346383.tar.gz,Company
68474274_0_8574588500532383533.tar.gz,Thing
55785349_2_6073688283175913589.tar.gz,City
11599512_1_280388135214354946.tar.gz,Country
41295881_0_3284517833805218305.tar.gz,Thing
53441401_0_5820723041518661695.tar.gz,Bird
28993628_1_6072768612274729703.tar.gz,Mountain
36375243_0_8855808569077022873.tar.gz,Thing
49027162_94_6745389249483165808.tar.gz,Thing
70194376_1_4723778697949764820.tar.gz,Thing
22682943_0_9166505135418836721.tar.gz,Thing
15235991_0_2205645040450936628.tar.gz,Thing
16509539_1_7660325791170281336.tar.gz,Country
14533561_3_4780502329197751598.tar.gz,Thing
6203246_1_6327569765015338676.tar.gz,Organisation
61108455_0_4273649346480472385.tar.gz,Thing
45526093_1_6990131237960513588.tar.gz,MusicalWork
55070164_2_67873095548925111.tar.gz,BaseballPlayer
3383684_0_3473148687387873822.tar.gz,Thing
8952296_0_1984648410364541374.tar.gz,BodyOfWater
86212703_1_7412739791053555910.tar.gz,Bird
84675086_0_6386416780680710863.tar.gz,Bird
65372846_1_6196531232013519333.tar.gz,Thing
26864218_0_5784627157224024059.tar.gz,Software
59299020_0_3228360292506137399.tar.gz,Mountain
62452343_1_5629418197455584604.tar.gz,Drug
47994201_0_6364640283911588154.tar.gz,Thing
15700884_0_8204220284166767221.tar.gz,Company
67746678_0_6331643008168708394.tar.gz,Company
16867860_0_1493599384745288401.tar.gz,Company
68998489_0_2977000448329729615.tar.gz,Thing
37796710_2_1634875349507586168.tar.gz,Thing
53425741_0_8537491709009419661.tar.gz,Thing
42846393_2_6922315287291245126.tar.gz,Athlete
35879800_0_5553733374848529514.tar.gz,Thing
76024718_4_1950435394014907178.tar.gz,Book
52240404_1_1361067467707355053.tar.gz,Company
93078729_0_1451251196788678526.tar.gz,Lake
288266_0_7360889988107544337.tar.gz,Bird
18090069_0_587728670414175092.tar.gz,Thing
77526612_0_8961590724422161134.tar.gz,Software
41349866_0_4559395588133678785.tar.gz,Thing
10068410_0_1159206472287350411.tar.gz,Thing
26525126_0_1956447677043660851.tar.gz,Thing
63083407_0_4519243883062651004.tar.gz,Thing
78066503_0_450870412849495735.tar.gz,Thing
12372159_0_7729180787357874342.tar.gz,Thing
64379165_1_7077324275805264760.tar.gz,Thing
67223637_0_85705833866861604.tar.gz,Person
86490710_0_590244328222561787.tar.gz,Thing
12746760_0_6703465836620308483.tar.gz,PoliticalParty
37185520_0_4615536886172194928.tar.gz,Country
24714254_0_8162108936069417059.tar.gz,Thing
302973_0_8683424490633383186.tar.gz,Thing
60274186_4_3218616946163997872.tar.gz,Thing
7929299_0_3253718003116029649.tar.gz,Airport
45087892_0_5224161698429906101.tar.gz,Thing
33167985_0_5220049369716352813.tar.gz,Animal
34117882_0_3714273916884462264.tar.gz,Thing
97941125_0_8220652154649529701.tar.gz,Country
8468806_0_4382447409703007384.tar.gz,Lake
87201774_0_6686816102988795001.tar.gz,Plant
8522018_37_6655050873624895859.tar.gz,Person
8146787_0_5277847531381392909.tar.gz,ChemicalCompound
7479139_0_2559867006093460032.tar.gz,Thing
79560955_0_1284785565178929055.tar.gz,Thing
36347487_0_4656587584735574669.tar.gz,Thing
75028563_1_8693885428421840586.tar.gz,Company
25787670_0_969088892848485066.tar.gz,Thing
49551564_0_3681401057769114301.tar.gz,Thing
36999347_3_4236447731150299926.tar.gz,Thing
2737396_0_8246857808384947710.tar.gz,Place
49772588_0_6549847739640234347.tar.gz,Country
61677818_0_6481546782401810538.tar.gz,Thing
72868513_0_2809948180252773831.tar.gz,Thing
49667639_0_3315123673895708705.tar.gz,Thing
36981978_0_2366519838321023794.tar.gz,Thing
54306028_0_2744059234719972284.tar.gz,Thing
24513913_0_7628579353353451602.tar.gz,Thing
25983467_0_2243019254587516832.tar.gz,Plant
43729470_0_5709342811663792178.tar.gz,Country
45071388_1_8731461891089205976.tar.gz,University
22386456_0_4581635782853485969.tar.gz,Thing
78087647_1_6294355010146661630.tar.gz,Thing
31725861_3_3778233332047294098.tar.gz,Thing
67417260_0_2565563726931983568.tar.gz,Thing
2538467_0_8192498781403350162.tar.gz,Thing
47578917_0_1018464277255602497.tar.gz,Thing
33775048_0_6557479702990760597.tar.gz,Thing
14732585_2_9097877302396983814.tar.gz,Thing
1904466_2_5599744226885603006.tar.gz,Company
13590662_20_8279208877128078776.tar.gz,Thing
14908380_0_7949364356333569222.tar.gz,Thing
28119045_0_6678285749770950814.tar.gz,Thing
14067031_0_559833072073397908.tar.gz,Country
17167790_0_5345921575574015166.tar.gz,Thing
2877333_0_1156447235909854277.tar.gz,Thing
48805028_0_8933391169600128370.tar.gz,Bird
32936911_188_6847185709338361522.tar.gz,Thing
41336118_0_4331895026409635103.tar.gz,Company
68779923_0_3859283110041832023.tar.gz,Country
89497945_0_3654337410478898345.tar.gz,Company
20653003_0_8560257990886644206.tar.gz,Thing
15601803_0_1613263112371321173.tar.gz,Thing
78761997_3_8777163179755935543.tar.gz,Thing
59659504_0_2617358425254069121.tar.gz,Thing
22870718_0_8249480766245225618.tar.gz,Company
