"Title:","Connecticut Office Cleaning"
"URL:","http://www.heitsofsouthernnewengland.com/","http://www.heitsofsouthernnewengland.com/"
"Description:","For Connecticut office cleaning you can count on the competent professionals at Heits Building Services of Southern New England. We offer reliability quality workmanship at prices you can afford and we always go the extra mile to satisfy our customers.","For Connecticut office cleaning you can count on the competent professionals at Heits Building Services of Southern New England. We offer reliability quality workmanship at prices you can afford and we always go the extra mile to satisfy our customers."
"Category:","{Home|Domestic Services}","{Home|Domestic Services}"
"Website Owner:","Arlan Artis","NULL"
"Pagerank:","PR: 0","NULL"
"Date Added:","August 29 2010 01:02:40 AM","NULL"
"Number of Hits:","0","NULL"
"Bookmark:","&nbsp;&nbsp;&nbsp;&nbsp;&nbsp;&nbsp;&nbsp;&nbsp;&nbsp;&nbsp;&nbsp;&nbsp;&nbsp;&nbsp;&nbsp;&nbsp;","NULL"
