"title","author","source"
"adventures of huckleberry finn","mark twain","ala [11]"
"the adventures of super diaper baby","dav pilkey","ala [47]"
"the adventures of tom sawyer","mark twain","ala"
"alice series","phyllis reynolds naylor","ala [2]"
"all the king's men","robert penn warren","rad"
"always running","luis j. rodriguez","ala [66]"
"american psycho","bret easton ellis","ala"
"an american tragedy","theodore dreiser","rad"
"the anarchist cookbook","william powell","ala"
"anastasia again!","lois lowry","ala [81]"
"and tango makes three","justin richardson and peter parnell","ala [9]"
"angus thongs and full-frontal snogging","louise rennison","ala [32]"
"annie on my mind","nancy garden","ala"
"are you there god? it's me margaret","judy blume","ala [82]"
"arming america","michael bellasiles","ala [34]"
"arizona kid","ron koertge","ala"
"as i lay dying","william faulkner","rad"
"asking about sex and growing up","joanna cole","ala"
"athletic shorts","chris crutcher","ala [38]"
"beloved","toni morrison","ala [24] /rad"
"black boy","richard wright","ala [67]"
"bless me ultima","rudolfo a. anaya","ala [39]"
"blood and chocolate","annette curtis klause","ala [54]"
"blubber","judy blume","ala [36]"
"the bluest eye","toni morrison","ala [12]"
"the boy who lost his face","louis sachar","ala [79]"
"boys and sex","wardell pomeroy","ala"
"brave new world","aldous huxley","ala [37] /rad"
"bridge to terabithia","katherine paterson","ala [20]"
"bumps in the night","harry allard","ala [83]"
"the call of the wild","jack london","rad"
"captain underpants","dav pilkey","ala [10]"
"carrie","stephen king","ala"
"the catcher in the rye","j. d. salinger","ala [19] /rad"
"catch-22","joseph heller","rad"
"cat's cradle","kurt vonnegut","rad"
"the chocolate war","robert cormier","ala [3]"
"christine","stephen king","ala"
"a clockwork orange","anthony burgess","rad"
"the color purple","alice walker","ala [14] /rad"
"crazy lady!","jane conly","ala [42]"
"cross your fingers spit in your hat","alvin schwartz","ala"
"cujo","stephen king","ala"
"curses hexes and spells","daniel cohen","ala"
"cut","patricia mccormick","ala [86]"
"daddy's roommate","michael willhoite","ala"
"a day no pigs would die","robert newton peck","ala"
"the dead zone","stephen king","ala"
"deenie","judy blume","ala"
"detour for emmy","marilyn reynolds","ala"
"the drowning of stephan jones","bette greene","ala"
"earth's children (series)","jean m. auel","ala"
"the exorcist","william peter blatty","ala"
"the face on the milk carton","caroline b. cooney","ala"
"fade","robert cormier","ala"
"fallen angels","walter dean myers","ala"
"family secrets","norma klein","ala"
"a farewell to arms","ernest hemingway","rad"
"final exit","derek humphry","ala"
"flowers for algernon","daniel keyes","ala"
"for whom the bell tolls","ernest hemingway","rad"
"forever","judy blume","ala"
"girls and sex","wardell pomeroy","ala"
"the giver","lois lowry","ala [014]"
"go ask alice","anonymous","ala"
"go tell it on the mountain","james baldwin","rad"
"the goats","brock cole","ala"
"gone with the wind","margaret mitchell","rad"
"goosebumps (series)","r. l. stine","ala"
"the grapes of wrath","john steinbeck","rad"
"the great gatsby","f. scott fitzgerald","rad"
"the great gilly hopkins","katherine paterson","ala"
"guess what?","mem fox","ala"
"halloween abc","eve merriam","ala"
"the handmaid's tale","margaret atwood","ala"
"harry potter (series)","j. k. rowling","ala"
"heart of darkness","joseph conrad","rad"
"heather has two mommies","lesléa newman","ala"
"the house of the spirits","isabel allende","ala"
"how to eat fried worms","thomas rockwell","ala"
"i know why the caged bird sings","maya angelou","ala"
"in cold blood","truman capote","rad"
"in the night kitchen","maurice sendak","ala"
"invisible man","ralph ellison","rad"
"it's perfectly normal","robie harris","ala"
"it's so amazing","robie harris","ala"
"jack","a. m. homes","ala"
"james and the giant peach","roald dahl","ala"
"jay's journal","anonymous","ala"
"julie of the wolves","jean craighead george","ala"
"jump ship to freedom","{james lincoln collier|christopher collier}","ala"
"jumper","steven gould","ala"
"the jungle","upton sinclair","rad"
"kaffir boy","mark mathabane","ala"
"killing mr. griffin","lois duncan","ala"
"lady chatterley's lover","d. h. lawrence","rad"
"a light in the attic","shel silverstein","ala"
"little black sambo","helen bannerman","ala"
"lolita","vladimir nabokov","rad"
"lord of the flies","william golding","ala/ rad"
"mommy laid an egg","babette cole","ala"
"my brother sam is dead","{james lincoln collier|christopher collier}","ala"
"the naked and the dead","norman mailer","rad"
"naked lunch","william s. burroughs","rad"
"native son","richard wright","ala /rad"
"the new joy of gay sex","{charles silverstein|felice picano}","ala"
"nineteen eighty-four (1984)","george orwell","rad"
"of mice and men","john steinbeck","ala /rad"
"on my honor","marion dane bauer","ala"
"one flew over the cuckoo's nest","ken kesey","rad"
"ordinary people","judith guest","ala"
"the outsiders","s. e. hinton","ala"
"the perks of being a wallflower","stephen chbosky","ala"
"the pillars of the earth","ken follett","ala"
"the pigman","paul zindel","ala"
"private parts","howard stern","ala"
"rabbit run","john updike","rad"
"the rabbit's wedding","garth williams","ala"
"rainbow boys","alex sanchez","ala"
"running loose","chris crutcher","ala"
"the satanic verses","salman rushdie","rad"
"scary stories (series)","alvin schwartz","ala"
"a separate peace","john knowles","rad"
"sex","madonna","ala"
"sex education","jenny davis","ala"
"slaughterhouse-five","kurt vonnegut","ala [069] /rad"
"the sledding hill","chris crutcher","ala"
"sleeping beauty trilogy","a. n. roquelaure (anne rice)","ala"
"song of solomon (novel)","toni morrison","ala /rad"
"sons and lovers","d. h. lawrence","rad"
"the stupids (series)","harry allard","ala"
"summer of my german soldier","bette greene","ala"
"the sun also rises","ernest hemingway","rad"
"that was then this is now","s. e. hinton","ala"
"their eyes were watching god","zora neale hurston","rad"
"tiger eyes","judy blume","ala"
"to kill a mockingbird","harper lee","ala [041] /rad"
"tropic of cancer","henry miller","rad"
"ulysses","james joyce","rad"
"view from the cherry tree","willo davis roberts","ala"
"we all fall down","robert cormier","ala"
"whale talk","chris crutcher","ala"
"what my mother doesn't know","sonya sones","ala"
"what's happening to my body? book for boys: a growing-up guide for parents &amp; sons","lynda madaras","ala"
"what's happening to my body? book for girls: a growing-up guide for parents &amp; daughters","lynda madaras","ala"
"where did i come from?","peter mayle","ala"
"the wish giver","bill brittain","ala"
"the witches","roald dahl","ala"
"women in love","d. h. lawrence","rad"
"women on top: how real life has changed women’s sexual fantasies","nancy friday","ala"
"a wrinkle in time","madeleine l'engle","ala"
