"&middot;","Feelings of Calmness Harmony Zen","&middot;","Better Mental Health"
"&nbsp;","Oneness Peace Relaxation","&middot;","Relief from Severe Pain"
"&middot;","Natural Healing &amp; Rejuvenation","&middot;","Living in the Now"
"&middot;","Sense of Increased Energy","&middot;","Improved Existentially"
"&middot;","Relief from Depression","&middot;","Improved Blood Profiles"
"&middot;","More Emotionally Clear &amp; Free","&middot;","Mental Flexibility/Charity"
"&middot;","Rapid Post Surgical Healing","&middot;","Improved Spontaneity"
"&middot;","Improved Inner Direction","&middot;","Improved Time Competency"
"&middot;","Less Attachment to Past Traumas","&middot;","Living more Authentically"
"&middot;","Being more Present","&middot;","Improved Self-Acceptance"
"&middot;","Better Response to Stressors","&middot;","Sense of Self-Awareness"
"&middot;","Detoxification","&middot;","Super Learning States"
"&middot;","Peak Performance","&middot;","Self-Confidence &amp; Self-Love"
