"&nbsp;","NULL","&nbsp;"
"&nbsp;","Psoriasis sufferers may be       more at risk for heart attacks","&nbsp;"
"&nbsp;","NULL","&nbsp;"
"&nbsp;","&quot;Psoriatic Arthritis&quot;","&nbsp;"
"&nbsp;","NULL","&nbsp;"
"&nbsp;","FPsoriasis may raise heart attack risk","&nbsp;"
"&nbsp;","NULL","&nbsp;"
"&nbsp;","Skin conditions: Psoriasis","&nbsp;"
"&nbsp;","&nbsp;&nbsp;&nbsp;&nbsp;&nbsp;&nbsp;&nbsp;&nbsp;&nbsp;&nbsp;&nbsp;&nbsp;&nbsp;&nbsp;&nbsp;&nbsp;&nbsp;&nbsp;&nbsp;      *No Endorsement Implied.","&nbsp;"
