"DATE","SECTION","NAME","GROUP","SRCH"
"2011-08-24","ALL","webroot spysweeper v4 0 4 430.full.rar","Cracked","NULL"
"2011-08-20","ALL","webroot spysweeper v4 0 4 430 [FullVersion]","Cracked","NULL"
"2011-08-22","ALL","[HIGHSPEED] webroot spysweeper v4 0 4 430","Cracked","NULL"
"2011-08-25","ALL","[TRUSTED DOWNLOAD] webroot spysweeper v4 0 4 430","Cracked","NULL"
"2011-07-25","ALL","Torrent.CD DOWNLOAD webroot spysweeper v4 0 4 430","Cracked","NULL"
"2005-08-04","0-DAY","Webroot SpySweeper v4.0.4.430","DVT","NULL"
