"Year","Cover","Title","Genre","Price","Tracks","&nbsp;"
"2007","NULL","Assonance and Jazz Thieves","Drum & Bass","iTunes price: var i = 2 * 0.99; document.write(i.toFixed(2));$    Our price: 0.30$","2","&nbsp;"
"2007","NULL","Qumulus and Souldrop","Drum & Bass","iTunes price: var i = 1 * 0.99; document.write(i.toFixed(2));$    Our price: 0.15$","1","&nbsp;"
"2007","NULL","Cybass And Qumulus","Unknown","iTunes price: var i = 2 * 0.99; document.write(i.toFixed(2));$    Our price: 0.30$","2","&nbsp;"
"2007","NULL","Qumulus And Souldrop (Vinyl)","Unknown","iTunes price: var i = 2 * 0.99; document.write(i.toFixed(2));$    Our price: 0.30$","2","&nbsp;"
"2007","NULL","Various Artists","Unknown","iTunes price: var i = 2 * 0.99; document.write(i.toFixed(2));$    Our price: 0.30$","2","&nbsp;"
"2006","NULL","Jazz Thieves and Greg Packer","Drum & Bass","iTunes price: var i = 2 * 0.99; document.write(i.toFixed(2));$    Our price: 0.30$","2","&nbsp;"
"2005","NULL","Souldrop","Drum & Bass","iTunes price: var i = 1 * 0.99; document.write(i.toFixed(2));$    Our price: 0.15$","1","&nbsp;"
