"location","location","last check","7 day change","1 month change","3 month change","6 month change"
"&nbsp;usa            1.10% of traffic","ny new york","43 ms","&mdash;","&mdash;","&mdash;","5%41/43&nbsp;ms"
"&nbsp;usa            1.10% of traffic","florida tampa","31 ms","&mdash;","&mdash;","&mdash;","108%25/12&nbsp;ms"
"&nbsp;germany            0.80% of traffic","frankfurt","&mdash;","&mdash;","&mdash;","&mdash;","&mdash;"
"&nbsp;canada","montreal","49 ms","&mdash;","&mdash;","&mdash;","7%42/45&nbsp;ms"
"&nbsp;united kingdom","gloucester","&mdash;","&mdash;","&mdash;","100%0/0&nbsp;ms","100%0/8&nbsp;ms"
