"2009","fy ddr-075","designation:","75-r-viii"
"NULL","NULL","description:","medium spread east as an extra partial  book spine between the thumb and the book spine and an extra partial index  finger on the book spine"
"NULL","NULL","grade:","ms65"
"NULL","NULL","population:","1"
"NULL","NULL","markers:","NULL"
"uvc-2808","dmr-085","stage a:","mds (unconfirmed)"
"NULL","NULL","stage b:","{light die crack  across lower left boot � emds|light die crack on forehead � emds}"
"NULL","NULL","stage c:","lds (unconfirmed)"
"NULL","NULL","reported by:","james wiles"
