"NULL","funding received under the party leaders allowance for 2005€","{funding received under the electoral acts for 2005|€}","{total exchequer funding for 2005|€}"
"fianna f&aacute;il","2472866","2124237","4597103"
"fine gael","1927929","1209218","3137147"
"labour party","1296765","645799","1942564"
"progressive democrats","467066","440413","907479"
"green party","352555","317782","670337"
"sinn f&eacute;in","293795","312207","606002"
"socialist party","58759","nil","58759"
"total","6869735","5049656","11919391"
