"Language","Location","Common&nbsp;name","PIER&nbsp;bibliographic&nbsp;reference","Comments"
"Chinese","?","meng ren cao","Zhengyi Wu/Raven Peter H./Deyuan Hong (2011)","&nbsp;"
"English","?","feather finger grass","Smith Albert C. (1979)&nbsp;(p.&nbsp;311)","&nbsp;"
"English","?","fingergrass","Stone Benjamin C. (1970)&nbsp;(p.&nbsp;195)","&nbsp;"
"English","?","pea-cock plumegrass","Hafliger Ernst/Scholz Hildemar (1980)&nbsp;(p.&nbsp;47)","&nbsp;"
"English","?","plush grass","Smith Albert C. (1979)&nbsp;(p.&nbsp;311)","&nbsp;"
"English","?","swollen fingergrass","Whistler W. A. (1988)&nbsp;(p.&nbsp;48)","&nbsp;"
"English","?","swollen windmill grass","U.S. Dept. Agr. Agr. Res. Serv. (2010)","&nbsp;"
"English","Australia (continental)","purpletop chloris","Hafliger Ernst/Scholz Hildemar (1980)&nbsp;(p.&nbsp;plate)","&nbsp;"
"English","Fiji Islands","airport grass","Smith Albert C. (1979)&nbsp;(p.&nbsp;311)","&nbsp;"
"Hawaiian","Hawaiian Islands","mau&#145;u lei","Wagner Warren L./Herbst Derral R./Sohmer S. H. (1999)&nbsp;(p.&nbsp;1514)","&nbsp;"
"I-Kiribati","Kiribati (Republic of)","te uteute","Thaman R. R. (1987)&nbsp;(p.&nbsp;18)","&nbsp;"
"I-Kiribati","Kiribati (Republic of)","te utiuti","Unknown (0)","&nbsp;"
"Pohnpeian","Pohnpei Island","rehkihs","Herrera Katherine/Lorence David H./Flynn Timothy/Balick Michael J. (2010)&nbsp;(p.&nbsp;55)","&nbsp;"
"Spanish","Mexico (United Mexican States)","zacate borrego","Hafliger Ernst/Scholz Hildemar (1980)&nbsp;(p.&nbsp;47 plate)","&nbsp;"
