"Internship","City","Semester","Industry"
"CID Entertainment: Operations Internship","New York","Spring2012","Entertainment"
"Bearings Limited","Hauppauge","Summer2012","Business"
"SUMMER INTERNSHIP Bayard Advertising Agency","New York","Summer2012","Advertising"
"Graphic Design/Office Management Internship","New York","Summer2012","Graphic Design Hospitality"
"Indayo Group: Special Events/Office Assistant Intern","New York","Summer2012","Entertainment Hospitality Marketing Music"
"FALL 2012 - REBECCA TAYLOR TECH DESIGN","New York","Fall2012","Fashion"
"Vince Summer 2012 Internship","New York","Summer2012","Fashion"
