"&nbsp;","Name","Artist","Time","Price","&nbsp;"
"1","Love Princess","The Watanabes","4:00","$0.99","View In iTunes"
"2","Concerned With You","The Watanabes","2:58","$0.99","View In iTunes"
"3","Hot Water Hills","The Watanabes","3:09","$0.99","View In iTunes"
"4","True Romantics","The Watanabes","3:24","$0.99","View In iTunes"
"5","Guilt","The Watanabes","3:32","$0.99","View In iTunes"
"6","Whales Can Sing","The Watanabes","2:40","$0.99","View In iTunes"
"7","ExplicitLondon 2009","The Watanabes","3:43","$0.99","View In iTunes"
"8","Superstar of the Surrounding Area","The Watanabes","4:22","$0.99","View In iTunes"
"9","Ice Age","The Watanabes","3:02","$0.99","View In iTunes"
"10","Rooftops","The Watanabes","4:13","$0.99","View In iTunes"
"11","People are Different","The Watanabes","4:33","$0.99","View In iTunes"
"12","Katsudon","The Watanabes","4:59","$0.99","View In iTunes"
