"Location","Language","Common&nbsp;name","PIER&nbsp;bibliographic&nbsp;reference","Comments"
"?","Chinese","chui ye rong","Zhengyi Wu/Raven Peter H./Deyuan Hong (2011)","&nbsp;"
"?","English","Benjamin tree","Vander Velde Nancy (2003)&nbsp;(p.&nbsp;109)","&nbsp;"
"?","English","Benjamin's fig","Herrera Katherine/Lorence David H./Flynn Timothy/Balick Michael J. (2010)&nbsp;(p.&nbsp;114)","&nbsp;"
"?","English","Java fig","U.S. Dept. Agr. Agr. Res. Serv. (2010)","&nbsp;"
"?","English","weeping banyan","Vander Velde Nancy (2003)&nbsp;(p.&nbsp;109)","&nbsp;"
"?","English","weeping fig","Smith Albert C. (1981)&nbsp;(p.&nbsp;175)","&nbsp;"
"Gal&aacute;pagos Islands","Spanish","ficus","Charles Darwin Foundation (2008)","&nbsp;"
"Solomon Islands","Kwara&#145;ae","fi&#145;i sirifena","Hancock I. R./Henderson C. P. (1988)&nbsp;(p.&nbsp;74)","&nbsp;"
"Solomon Islands","Kwara&#145;ae","sirifena","Hancock I. R./Henderson C. P. (1988)&nbsp;(p.&nbsp;74)","&nbsp;"
"Tonga Islands","Tongan","&#145;ovava Fisi","Whistler W. A. (1991)&nbsp;(p.&nbsp;100)","&nbsp;"
