"&nbsp;","&#8226;&nbsp;ghid afaceri romania"
"&nbsp;","&#8226;&nbsp;ghid afaceri bucuresti"
"&nbsp;","&#8226;&nbsp;ghid afaceri alba"
"&nbsp;","&#8226;&nbsp;ghid afaceri arad"
"&nbsp;","&#8226;&nbsp;ghid afaceri arges"
"&nbsp;","&#8226;&nbsp;ghid afaceri pitesti"
"&nbsp;","&#8226;&nbsp;ghid afaceri bacau"
"&nbsp;","&#8226;&nbsp;ghid afaceri bihor"
"&nbsp;","&#8226;&nbsp;ghid afaceri oradea"
"&nbsp;","&#8226;&nbsp;ghid afaceri bistrita-nasaud"
"&nbsp;","&#8226;&nbsp;ghid afaceri brasov"
"&nbsp;","&#8226;&nbsp;ghid afaceri braila"
"&nbsp;","&#8226;&nbsp;ghid afaceri buzau"
"&nbsp;","&#8226;&nbsp;ghid afaceri cluj-napoca"
"&nbsp;","&#8226;&nbsp;ghid afaceri constanta"
"&nbsp;","&#8226;&nbsp;ghid afaceri dolj"
"&nbsp;","&#8226;&nbsp;ghid afaceri craiova"
"&nbsp;","&#8226;&nbsp;ghid afaceri galati"
"&nbsp;","&#8226;&nbsp;ghid afaceri hunedoara"
"&nbsp;","&#8226;&nbsp;ghid afaceri iasi"
"&nbsp;","&#8226;&nbsp;ghid afaceri ilfov"
"&nbsp;","&#8226;&nbsp;ghid afaceri maramures"
"&nbsp;","&#8226;&nbsp;ghid afaceri mures"
"&nbsp;","&#8226;&nbsp;ghid afaceri olt"
"&nbsp;","&#8226;&nbsp;ghid afaceri prahova"
"&nbsp;","&#8226;&nbsp;ghid afaceri ploiesti"
"&nbsp;","&#8226;&nbsp;ghid afaceri satu mare"
"&nbsp;","&#8226;&nbsp;ghid afaceri sibiu"
"&nbsp;","&#8226;&nbsp;ghid afaceri timisoara"
"&nbsp;","&#8226;&nbsp;ghid afaceri valcea"
