"model","product image","saturn l200 2001-2003 item name","price+"
"turbo whistler","NULL","{saturn l200 2001-2003 super performance turbo whistler|ever wanted to show off your cars performance?&nbsp; the super performance...}","$39.99... more info"
"10-20hp","NULL","{saturn l200 2001-2003 z1 performance chip with hyperboost performance module|the hyperboost o2 module is precise electronic computer chip that will increase...}","$64.99... more info"
"ionizer","NULL","{saturn l200 2001-2003 fuel saver system with ionizer technology|increase the fuel economy of your engine with our performance fuel...}","$69.99... more info"
"4-12hp","NULL","{saturn l200 2001-2003 performance air filter|our high performance k&amp;n air filter will give your vehicle more power and...}","$69.99... more info"
"5-10hp","NULL","{saturn l200 2001-2003 turbonator air intake supercharger|high performance turbonator air intake supercharger!  with todays high fuel...}","$79.99... more info"
"x2","NULL","{saturn l200 2001-2003 z2 performance chip with adjust control programmer|&nbsp;&nbsp;don't waste your money on inferior products!&nbsp; our fully...}","$79.99"
"2-5hp","NULL","{saturn l200 2001-2003 z4 voltage performance chip module|are you looking to increase power to your vehicle? save gas? reduce noise? this...}","$99.99... more info"
"20-25hp","NULL","{saturn l200 2001-2003 racing air intake system|&nbsp; &nbsp; &nbsp; &nbsp; &nbsp; racing cold air intake system  &nbsp; ...}","$109.00... more info"
"10hp","NULL","{saturn l200 2001-2003 iridium racing power performance spark plugs|high performance iridium spark plugs provide up to 10hp on most vehicles. you...}","$109.99... more info"
"8-15hp","NULL","{saturn l200 2001-2003 stainless steel muffler|high quality stainless steel mufflers for your vehicle. our mufflers are made...}","$109.99... more info"
"8-15hp","NULL","{saturn l200 2001-2003 stainless carbon muffler|&nbsp; these carbon tip or carbon body (fireball) mufflers are made of&nbsp;...}","$129.99... more info"
"20-50hp","NULL","{saturn l200 2001-2003 z3 performance chip with o2 sensor control power module|z3 is a revolutionary fully adjustable programmed performance control...}","$204.99... more info"
"carchip pro","NULL","{saturn l200 2001-2003 carchip pro - engine monitoring and performance unit|the carchip pro is an advnaced engine monitoring and performance unit.&nbsp;...}","$249.00... more info"
"15-25hp","NULL","{saturn l200 2001-2003 electric supercharger with turbo boost control|high power dual motor electric supercharger! outputs 2psi in pressure! this...}","$399.99"
"NULL","NULL","{saturn l200 2001-2003 wireless engine performance monitor|wireless engine monitoring and tuning&nbsp; - elmscan 5     ever wanted to...}","$399.99add:"
