"formats","formats","amazon price","amazon price","new from","used from"
"","kindle edition","--","&nbsp;","$9.99","--"
"","hardcover large print","$28.95","&nbsp;","--","--"
"NULL","see # more hardcovers","see # more hardcovers","see # more hardcovers","see # more hardcovers","see # more hardcovers"
"NULL","show fewer hardcovers","show fewer hardcovers","show fewer hardcovers","show fewer hardcovers","show fewer hardcovers"
"","paperback","$11.24","&nbsp;","--","--"
"","paperback february 1983","--","&nbsp;","--","--"
"NULL","see # more paperbacks","see # more paperbacks","see # more paperbacks","see # more paperbacks","see # more paperbacks"
"NULL","show fewer paperbacks","show fewer paperbacks","show fewer paperbacks","show fewer paperbacks","show fewer paperbacks"
"","audio cassette","--","&nbsp;","--","--"
"NULL","see # more audio books","see # more audio books","see # more audio books","see # more audio books","see # more audio books"
"NULL","show fewer audio books","show fewer audio books","show fewer audio books","show fewer audio books","show fewer audio books"
