"Add to Cart","$ 1353.60","Installed Users (1)Mfr. Part No:&nbsp;S11E-K12E-I001","Verify","Download&nbsp;(819.7 MB)"
"Add to Cart","$ 6318.51","Installed Users (5)Mfr. Part No:&nbsp;S11E-K12E-I005","Verify","Download&nbsp;(819.7 MB)"
"Add to Cart","$ 11510.06","Installed Users (10)Mfr. Part No:&nbsp;S11E-K12E-I010","Verify","Download&nbsp;(819.7 MB)"
"Add to Cart","$ 22399.67","Installed Users (20)Mfr. Part No:&nbsp;S11E-K12E-I020","Verify","Download&nbsp;(819.7 MB)"
"Add to Cart","$ 54182.13","Installed Users (50)Mfr. Part No:&nbsp;S11E-K12E-I050","Verify","Download&nbsp;(819.7 MB)"
"Add to Cart","$ 5432.14","Concurrent Users (1)Mfr. Part No:&nbsp;S11E-K12E-C001","Verify","Download&nbsp;(819.7 MB)"
"Add to Cart","$ 25565.25","Concurrent Users (5)Mfr. Part No:&nbsp;S11E-K12E-C005","Verify","Download&nbsp;(819.7 MB)"
"Add to Cart","$ 46204.86","Concurrent Users (10)Mfr. Part No:&nbsp;S11E-K12E-C010","Verify","Download&nbsp;(819.7 MB)"
"Add to Cart","$ 90143.16","Concurrent Users (20)Mfr. Part No:&nbsp;S11E-K12E-C020","Verify","Download&nbsp;(819.7 MB)"
"Add to Cart","$ 217273.00","Concurrent Users (50)Mfr. Part No:&nbsp;S11E-K12E-C050","Verify","Download&nbsp;(819.7 MB)"
