"formats","formats","amazon price","amazon price","new from","used from"
"","hardcover","--","&nbsp;","--","--"
"","hardcover february 1994","--","&nbsp;","--","--"
"NULL","see # more hardcovers","see # more hardcovers","see # more hardcovers","see # more hardcovers","see # more hardcovers"
"NULL","show fewer hardcovers","show fewer hardcovers","show fewer hardcovers","show fewer hardcovers","show fewer hardcovers"
"","paperback import","--","&nbsp;","--","--"
"NULL","see # more paperbacks","see # more paperbacks","see # more paperbacks","see # more paperbacks","see # more paperbacks"
"NULL","show fewer paperbacks","show fewer paperbacks","show fewer paperbacks","show fewer paperbacks","show fewer paperbacks"
"","mass market paperback","--","&nbsp;","--","--"
"","unknown binding","--","&nbsp;","--","--"
