"rank","company","headquarters","industry","revenue(billion $)","profits(billion $)","assets(billion $)","market value(billion $)"
"1","citigroup","usa","banking","146.56","21.54","1884.32","247.42"
"2","bank of america","usa","banking","116.57","21.13","1459.74","226.61"
"3","hsbc","uk","banking","121.51","16.63","1860.76","202.29"
"4","general electric","usa","conglomerate","163.39","20.83","697.24","358.98"
"5","jpmorgan chase &amp; co.","usa","banking","99.30","14.44","1351.52","170.97"
"6","american international group","usa","insurance","113.19","14.01","979.41","174.47"
"7","exxonmobil","usa","oil and gas","335.09","39.50","223.95","410.65"
"8","royal dutch shell","{&#160;|netherlands}","oil and gas","318.85","25.44","232.31","208.25"
"9","ubs","switzerland","diversified financials","105.59","9.78","1776.89","116.84"
"10","ing group","netherlands","diversified financials","153.44","9.65","1615.05","93.99"
"11","bp","uk","oil and gas","265.91","22.29","217.60","198.14"
"12","toyota","japan","automotive","179.02","11.68","243.60","217.69"
"13","royal bank of scotland","uk","banking","77.41","12.51","1705.35","124.13"
"14","bnp paribas","france","banking","89.16","9.64","1898.19","97.03"
"15","allianz","germany","insurance","125.33","8.81","1380.88","87.22"
"16","berkshire hathaway","usa","diversified financials","98.54","11.02","248.44","163.79"
"17","wal-mart","usa","retailing","348.65","11.29","151.19","201.36"
"18","barclays","uk","banking","67.71","8.95","1949.17","94.79"
"19","chevron","usa","oil and gas","195.34","17.14","132.63","149.37"
"19","total s.a.","france","oil and gas","175.05","15.53","138.82","152.62"
