"Language","Common&nbsp;name","Location","PIER&nbsp;bibliographic&nbsp;reference","Comments"
"English","Australian-spinach","?","U.S. Dept. Agr. Agr. Res. Serv. (2010)","&nbsp;"
"English","nettle goosefoot","?","Holm Leroy/Doll Jerry/Holm Eric/Pancho Jaun/Herberger James (1997)&nbsp;(p.&nbsp;182)","&nbsp;"
"English","nettle-leaf goosefoot","?","Whistler W. A. (1988)&nbsp;(p.&nbsp;8)","&nbsp;"
"English","nettle-leaved fat-hen","?","Webb C. J./Sykes W. R./Garnock-Jones P. J. (1988)&nbsp;(p.&nbsp;527)","&nbsp;"
"English","salt-green","?","U.S. Dept. Agr. Agr. Res. Serv. (2010)","&nbsp;"
"English","sowbane","?","U.S. Dept. Agr. Agr. Res. Serv. (2010)","&nbsp;"
"French","chenopode des murs","?","Holm Leroy/Doll Jerry/Holm Eric/Pancho Jaun/Herberger James (1997)&nbsp;(p.&nbsp;182)","&nbsp;"
"Hawaiian","&#145;&#257;heahea","Hawaiian Islands","Wagner Warren L./Herbst Derral R./Sohmer S. H. (1999)&nbsp;(p.&nbsp;538)","&nbsp;"
"Spanish","cardo russo","Mexico (United Mexican States)","Holm Leroy/Doll Jerry/Holm Eric/Pancho Jaun/Herberger James (1997)&nbsp;(p.&nbsp;182)","&nbsp;"
"Spanish","chual","Mexico (United Mexican States)","Holm Leroy/Doll Jerry/Holm Eric/Pancho Jaun/Herberger James (1997)&nbsp;(p.&nbsp;182)","&nbsp;"
"Spanish","hierba del gallinazo","Per&uacute; (Republic of)","Holm Leroy/Doll Jerry/Holm Eric/Pancho Jaun/Herberger James (1997)&nbsp;(p.&nbsp;182)","&nbsp;"
"Spanish","quelite cenizo","Mexico (United Mexican States)","Holm Leroy/Doll Jerry/Holm Eric/Pancho Jaun/Herberger James (1997)&nbsp;(p.&nbsp;182)","&nbsp;"
"Spanish","quelito de coyote","Mexico (United Mexican States)","Holm Leroy/Doll Jerry/Holm Eric/Pancho Jaun/Herberger James (1997)&nbsp;(p.&nbsp;182)","&nbsp;"
"Spanish","quinguilla","Chile (Republic of)","Holm Leroy/Doll Jerry/Holm Eric/Pancho Jaun/Herberger James (1997)&nbsp;(p.&nbsp;181)","&nbsp;"
