"1","shawn_ntw","5322","&nbsp;"
"2","红豆面包君","1370","&nbsp;"
"3","yuancheng","1121","&nbsp;"
"4","yoyo飞","769","&nbsp;"
"5","ethan","312","&nbsp;"
"6","catt携众猫咪","272","&nbsp;"
"7","救赎的旅程","234","&nbsp;"
"8","街小螃","194","&nbsp;"
"9","哦小普","172","&nbsp;"
"10","keso","162","&nbsp;"
"11","dave","135","&nbsp;"
"12","richard","134","&nbsp;"
"13","康乐","124","&nbsp;"
"14","karen","120","&nbsp;"
"15","bill","107","&nbsp;"
"16","梦里花落知多少","100","&nbsp;"
"17","iam1031","99","&nbsp;"
"18","webto","93","&nbsp;"
"19","jsun","69","&nbsp;"
"20","ginnyweima","50","&nbsp;"
