"Download Name","Date Added","Speed"
"Pctv4me 3.0.4 Number","02-Jun-2012","(674kb/s)"
"Pctv4me 3.0.4 Number Download","02-Jun-2012","(155kb/s)"
"Pctv4me.3.0.4.Number_02-Jun-2012.rar","02-Jun-2012","(221kb/s)"
"Pctv4me 3.0.4 Number 2012","31-May-2012","(375kb/s)"
"Pctv4me 3.0.4 Number Unlock Code","31-May-2012","(523kb/s)"
"Found 5 download results for Pctv4me 3.0.4 Number. Full version with crack serial keygen.","Found 5 download results for Pctv4me 3.0.4 Number. Full version with crack serial keygen.","Found 5 download results for Pctv4me 3.0.4 Number. Full version with crack serial keygen."
