"initiation","donations/expenses","scholarship distribution"
"2004 available scholarships","2004 donations","2004 invitation"
"2004 available awards","2004 expenditure","2004 certificates of achievement"
"2004 schedule","2004 balance sheet","2004 function photos"
"2004 letter to head masters","&nbsp;","2004 function report"
"2004 letter to students(ad)","process","2004 introductory address"
"2004 application format","2004 eligible applicants","&nbsp;"
"&nbsp;","2004 selection list","&nbsp;"
"2004 documents","2004 ambedkar scholars-final list","&nbsp;"
"&nbsp;","2004 awardee","&nbsp;"
