"Calculate Your Mortgage Information","Calculate Your Mortgage Information","Calculate Your Mortgage Information","Calculate Your Mortgage Information"
"&nbsp;","&nbsp;","&nbsp;","&nbsp;"
"House Price:","$","","&nbsp;"
"Down Payment:","$","","&nbsp;"
"Annual Interest Rate:","&nbsp;","","%"
"Term:","&nbsp;","5 Years10 Years15 Years20 Years25 Years30 Years35 Years40 Years45 Years50 Years","&nbsp;"
"Payment Interval:","&nbsp;","WeeklyBi-WeeklySemi-MonthlyMonthly","&nbsp;"
"Calculate","Calculate","Calculate","&nbsp;"
"House Price:","&nbsp;","$569000","&nbsp;"
"Down Payment:","&nbsp;","$113800","&nbsp;"
"Mortgage Amount:","&nbsp;","$455200","&nbsp;"
"Monthly Payment:","&nbsp;","$2530","&nbsp;"
"Total # of Payments:","&nbsp;","300","&nbsp;"
"Total Paid:","&nbsp;","$872845","&nbsp;"
"Total Interest Paid:","&nbsp;","$303845","&nbsp;"
