"NULL","&nbsp;","1year","&nbsp;","2year","&nbsp;","3year","&nbsp;","5year"
".com","&nbsp","$9.99","&nbsp;","$9.99","&nbsp;","$9.99","&nbsp;","$9.99"
".net","&nbsp","$9.99","&nbsp;","$9.99","&nbsp;","$9.99","&nbsp;","$9.99"
".org","&nbsp","$11.99","&nbsp;","$11.99","&nbsp;","$11.99","&nbsp;","$11.99"
".biz","&nbsp","$11.99","&nbsp;","$11.99","&nbsp;","$11.99","&nbsp;","$11.99"
".info","&nbsp","$9.99","&nbsp;","$9.99","&nbsp;","$9.99","&nbsp;","$9.99"
".us","&nbsp","$9.99","&nbsp;","$9.99","&nbsp;","$9.99","&nbsp;","$9.99"
".ws","&nbsp","$9.99","&nbsp;","$9.99","&nbsp;","$9.99","&nbsp;","$9.99"
"NULL","&nbsp","NULL","&nbsp;","NULL","&nbsp;","NULL","&nbsp;","NULL"
