"6","1","scheibk1196412"
"4","1","cschol580411"
"4","2","Good Time Tribe386213"
"4","1","wawawawa863"
"3","1","Donald Burr37029"
"3","1","Will431610"
"3","3","endolith129531742"
"3","1","billc.cn3675212"
"2","1","Nifle15.3k22456"
"2","1","Gerrit Wessels138249"
"2","1","Diago12.7k42541"
"2","1","gbjbaanb78329"
"2","1","TRS-80125939"
"2","1","freedrull1008"
"2","1","enesviem485"
"2","1","SamsLembas764"
"2","1","hangover362"
"1","1","wez25131616"
"1","1","Justin Lawrence184"
"1","1","akira18.6k32064"
