"","&nbsp;","Pumpkin Soup"
"&nbsp;","&nbsp;","&nbsp;"
"","&nbsp;","Toasted Pumpkin Seeds"
"&nbsp;","&nbsp;","&nbsp;"
"","&nbsp;","Pumpkin Orange Cheesecake"
"&nbsp;","&nbsp;","&nbsp;"
"","&nbsp;","Ghost Pancakes"
"&nbsp;","&nbsp;","&nbsp;"
"","&nbsp;","Witches Fingers"
"&nbsp;","&nbsp;","&nbsp;"
"","&nbsp;","Pumpkin Scones"
"&nbsp;","&nbsp;","&nbsp;"
"","&nbsp;","Spooky Eyed Buns"
"&nbsp;","&nbsp;","&nbsp;"
"","&nbsp;","Ghost Cookies"
"&nbsp;","&nbsp;","&nbsp;"
"","&nbsp;","Spooky Fruity Punch"
