"NULL","T-SHIRTS &amp; APPAREL","NULL"
"&nbsp;","Entire CatalogueActivewearFleeceLadiesOuterwearSport ShirtsT ShirtsWoven ShirtsYouthAccessoriesHeadwear","&nbsp;"
"&nbsp;","PROMOTIONAL ITEMS","&nbsp;"
"&nbsp;","Products Catalogue              Current Specials&nbsp;","&nbsp;"
"&nbsp;","SERVICES","&nbsp;"
"&nbsp;","Custom Art DesignLogo Embroidery Screen Printing","&nbsp;"
"&nbsp;","OUR             ASSURANCE","&nbsp;"
"&nbsp;","Security PolicyTestimonialsGuaranteeOrderingShippingAbout UsContact","&nbsp;"
"&nbsp;","ADDITIONAL             INFORMATION","&nbsp;"
"&nbsp;","Industry LinksAdd your Resource","&nbsp;"
"NULL","NULL","NULL"
