"Language","Location","Common&nbsp;name","PIER&nbsp;bibliographic&nbsp;reference","Comments"
"Chinese","?","xiao suan mo","Zhengyi Wu/Raven Peter H./Deyuan Hong (2011)","&nbsp;"
"English","?","common sheep sorrel","Meyer Jean-Yves (2008)&nbsp;(p.&nbsp;34)","&nbsp;"
"English","?","field sorrel","U.S. Dept. Agr. Agr. Res. Serv. (2010)","&nbsp;"
"English","?","red sorrel","U. S. Government (2010)","&nbsp;"
"English","?","sheep sorrel","Wagner Warren L./Herbst Derral R./Sohmer S. H. (1999)&nbsp;(p.&nbsp;1066)","&nbsp;"
"English","?","small sorrel","Holm Leroy/Doll Jerry/Holm Eric/Pancho Jaun/Herberger James (1997)&nbsp;(p.&nbsp;691)","&nbsp;"
"English","?","sorrel","U.S. Dept. Agr. Agr. Res. Serv. (2010)","&nbsp;"
"French","?","oseille","U.S. Dept. Agr. Agr. Res. Serv. (2010)","&nbsp;"
"French","?","oseille de brebis","Hafliger Toni J./Wolf Matthias (1988)&nbsp;(p.&nbsp;303)","&nbsp;"
"French","?","oseille sauvage","Lavergne Christophe (2006)","&nbsp;"
"French","?","petite oseille","Lavergne Christophe (2006)","&nbsp;"
"French","?","s&#251;rette","U.S. Dept. Agr. Agr. Res. Serv. (2010)","&nbsp;"
"French","?","vinette sauvage","Hafliger Toni J./Wolf Matthias (1988)&nbsp;(p.&nbsp;303)","&nbsp;"
"Japanese","?","himesuiba","Holm Leroy/Doll Jerry/Holm Eric/Pancho Jaun/Herberger James (1997)&nbsp;(p.&nbsp;691)","&nbsp;"
"Spanish","?","acedera menor","Holm Leroy/Doll Jerry/Holm Eric/Pancho Jaun/Herberger James (1997)&nbsp;(p.&nbsp;691)","&nbsp;"
"Spanish","?","acederilla","Holm Leroy/Doll Jerry/Holm Eric/Pancho Jaun/Herberger James (1997)&nbsp;(p.&nbsp;691)","&nbsp;"
"Spanish","?","ciza&#241;a","Holm Leroy/Doll Jerry/Holm Eric/Pancho Jaun/Herberger James (1997)&nbsp;(p.&nbsp;691)","&nbsp;"
"Spanish","?","vinagrerita","Holm Leroy/Doll Jerry/Holm Eric/Pancho Jaun/Herberger James (1997)&nbsp;(p.&nbsp;691)","&nbsp;"
"Spanish","Chile (Republic of)","romacilla","Holm Leroy/Doll Jerry/Holm Eric/Pancho Jaun/Herberger James (1997)&nbsp;(p.&nbsp;691)","&nbsp;"
"Spanish","Chile (Republic of)","romacilla aceitosa","Belov Michail (2010)","&nbsp;"
"Spanish","Chile (Republic of)","vinagrillo","Holm Leroy/Doll Jerry/Holm Eric/Pancho Jaun/Herberger James (1997)&nbsp;(p.&nbsp;691)","&nbsp;"
"Spanish","Colombia (Republic of)","lengua de vaca","Holm Leroy/Doll Jerry/Holm Eric/Pancho Jaun/Herberger James (1997)&nbsp;(p.&nbsp;691)","&nbsp;"
"Spanish","Colombia (Republic of)","sangre de toro","Holm Leroy/Doll Jerry/Holm Eric/Pancho Jaun/Herberger James (1997)&nbsp;(p.&nbsp;691)","&nbsp;"
"Spanish","Ecuador (Republic of) (continental)","pactilla","Holm Leroy/Doll Jerry/Holm Eric/Pancho Jaun/Herberger James (1997)&nbsp;(p.&nbsp;691)","&nbsp;"
"Spanish","Mexico (United Mexican States)","hierba de cristo","Holm Leroy/Doll Jerry/Holm Eric/Pancho Jaun/Herberger James (1997)&nbsp;(p.&nbsp;691)","&nbsp;"
"Spanish","Mexico (United Mexican States)","hierba roja","Holm Leroy/Doll Jerry/Holm Eric/Pancho Jaun/Herberger James (1997)&nbsp;(p.&nbsp;691)","&nbsp;"
"Spanish","Per&uacute; (Republic of)","acedera","Holm Leroy/Doll Jerry/Holm Eric/Pancho Jaun/Herberger James (1997)&nbsp;(p.&nbsp;691)","&nbsp;"
