"&nbsp;","&nbsp;","&nbsp;","&nbsp;","&nbsp;","&nbsp;","&nbsp;","&nbsp;","&nbsp;"
"&nbsp;","&nbsp;","Home","Meet     the Teacher","What's     Involved?","Resources","Contact     us","&nbsp;","&nbsp;"
"&nbsp;","&nbsp;","NULL","NULL","NULL","NULL","NULL","NULL","&nbsp;"
"&nbsp;","&nbsp;","{An Introduction|From|Brian Mullin|&nbsp;||&nbsp;}","{An Introduction|From|Brian Mullin|&nbsp;||&nbsp;}","","","","","&nbsp;"
"&nbsp;","{|&quot;Effective     Spoken Language Skills for Ordinary People&quot;English     - French - Spanish - Portuguese - German - Russian ? Italian||(C)     2009 Brian Mullin}","{|&quot;Effective     Spoken Language Skills for Ordinary People&quot;English     - French - Spanish - Portuguese - German - Russian ? Italian||(C)     2009 Brian Mullin}","{|&quot;Effective     Spoken Language Skills for Ordinary People&quot;English     - French - Spanish - Portuguese - German - Russian ? Italian||(C)     2009 Brian Mullin}","{|&quot;Effective     Spoken Language Skills for Ordinary People&quot;English     - French - Spanish - Portuguese - German - Russian ? Italian||(C)     2009 Brian Mullin}","{|&quot;Effective     Spoken Language Skills for Ordinary People&quot;English     - French - Spanish - Portuguese - German - Russian ? Italian||(C)     2009 Brian Mullin}","{|&quot;Effective     Spoken Language Skills for Ordinary People&quot;English     - French - Spanish - Portuguese - German - Russian ? Italian||(C)     2009 Brian Mullin}","{|&quot;Effective     Spoken Language Skills for Ordinary People&quot;English     - French - Spanish - Portuguese - German - Russian ? Italian||(C)     2009 Brian Mullin}","{|&quot;Effective     Spoken Language Skills for Ordinary People&quot;English     - French - Spanish - Portuguese - German - Russian ? Italian||(C)     2009 Brian Mullin}"
