"Language","Common&nbsp;name","Location","PIER&nbsp;bibliographic&nbsp;reference","Comments"
"English","chick weed","Australia (continental)","Holm Leroy G./Plucknett D. L./Pancho J. V./Herberger J. P. (1977)&nbsp;(p.&nbsp;284)","&nbsp;"
"English","ciliate galinsoga","Cambodia (Kingdom of)","Holm Leroy G./Plucknett D. L./Pancho J. V./Herberger J. P. (1977)&nbsp;(p.&nbsp;284)","&nbsp;"
"English","galinsoga","?","Holm Leroy G./Plucknett D. L./Pancho J. V./Herberger J. P. (1977)&nbsp;(p.&nbsp;284)","&nbsp;"
"English","gallant soldier","?","U. S. Government (2010)","&nbsp;"
"English","potato weed","Australia (continental)","Holm Leroy G./Plucknett D. L./Pancho J. V./Herberger J. P. (1977)&nbsp;(p.&nbsp;284)","&nbsp;"
"English","quick weed","Cambodia (Kingdom of)","Holm Leroy G./Plucknett D. L./Pancho J. V./Herberger J. P. (1977)&nbsp;(p.&nbsp;284)","&nbsp;"
"English","small-flower galinsoga","?","U.S. Dept. Agr. Agr. Res. Serv. (2010)","&nbsp;"
"English","yellow weed","?","Henty E. E./Pritchard G. H. (1975)&nbsp;(p.&nbsp;76)","&nbsp;"
"Japanese","hakidamegiku","?","Holm Leroy G./Plucknett D. L./Pancho J. V./Herberger J. P. (1977)&nbsp;(p.&nbsp;284)","&nbsp;"
"Spanish","chuminca","Per&uacute; (Republic of)","Holm Leroy G./Plucknett D. L./Pancho J. V./Herberger J. P. (1977)&nbsp;(p.&nbsp;284)","&nbsp;"
"Spanish","guasco","Colombia (Republic of)","Holm Leroy G./Plucknett D. L./Pancho J. V./Herberger J. P. (1977)&nbsp;(p.&nbsp;284)","&nbsp;"
"Spanish","mielcilla","Costa Rica (Republic of)","Atkinson Rachel/Sawyer John (2011)","&nbsp;"
"Spanish","pacuyuyo","?","Holm Leroy G./Plucknett D. L./Pancho J. V./Herberger J. P. (1977)&nbsp;(p.&nbsp;284)","&nbsp;"
"Spanish","rosilla chica","Mexico (United Mexican States)","Holm Leroy G./Plucknett D. L./Pancho J. V./Herberger J. P. (1977)&nbsp;(p.&nbsp;284)","&nbsp;"
