"Company","Industry","Dividend Yield","Industry Average Yield","Increase in Picks"
"The Laclede Group  (NYSE: LG&nbsp;&nbsp;)","Gas utilities","4.3","3.8","19%"
"UGI  (NYSE: UGI&nbsp;&nbsp;)","Gas utilities","3.1","3.8","18%"
"Westar Energy  (NYSE: WR&nbsp;&nbsp;)","Electric utilities","4.9","3.8","13%"
"SCANA  (NYSE: SCG&nbsp;&nbsp;)","Multi-utilities","5.0","4.5","13%"
"Suburban Propane Partners  (NYSE: SPH&nbsp;&nbsp;)","Gas utilities","6.1","3.8","12%"
"Pepco Holdings  (NYSE: POM&nbsp;&nbsp;)","Electric utilities","5.9","3.8","11%"
"DPL  (NYSE: DPL&nbsp;&nbsp;)","Electric utilities","5.0","3.8","11%"
