"writelinkimg(6);","{nfs.shift.soundtrack.part2.rar|http://rapidshare.com/files/.../nfs.shift.soundtrack.part2.rar}","29.93mb"
"writelinkimg(6);","{nfs.shift.soundtrack.part1.rar|http://rapidshare.com/files/.../nfs.shift.soundtrack.part1.rar}","104.86mb"
"writelinkimg(6);","{nfs_shift__v1.0.part1.rar|http://rapidshare.com/files/.../nfs_shift__v1.0.part1.rar}","75.00mb"
"writelinkimg(6);","{nfs_shift__v1.0.part2.rar|http://rapidshare.com/files/.../nfs_shift__v1.0.part2.rar}","75.00mb"
"writelinkimg(6);","{nfs_shift__v1.0.part3.rar|http://rapidshare.com/files/.../nfs_shift__v1.0.part3.rar}","60.97mb"
"writelinkimg(6);","{nfs_shift.part01.rar|http://rapidshare.com/files/.../nfs_shift.part01.rar}","208.67mb"
"writelinkimg(6);","{nfs_shift.part02.rar|http://rapidshare.com/files/.../nfs_shift.part02.rar}","208.67mb"
"writelinkimg(6);","{nfs_shift.part03.rar|http://rapidshare.com/files/.../nfs_shift.part03.rar}","208.67mb"
"writelinkimg(6);","{nfs_shift.part04.rar|http://rapidshare.com/files/.../nfs_shift.part04.rar}","208.67mb"
"writelinkimg(6);","{nfs_shift.part05.rar|http://rapidshare.com/files/.../nfs_shift.part05.rar}","208.67mb"
"writelinkimg(6);","{nfs_shift.part06.rar|http://rapidshare.com/files/.../nfs_shift.part06.rar}","208.67mb"
"writelinkimg(6);","{nfs_shift.part07.rar|http://rapidshare.com/files/.../nfs_shift.part07.rar}","208.67mb"
"writelinkimg(6);","{nfs_shift.part08.rar|http://rapidshare.com/files/.../nfs_shift.part08.rar}","208.67mb"
"writelinkimg(6);","{nfs_shift.part09.rar|http://rapidshare.com/files/.../nfs_shift.part09.rar}","208.67mb"
"writelinkimg(6);","{nfs_shift.part11.rar|http://rapidshare.com/files/.../nfs_shift.part11.rar}","208.67mb"
"writelinkimg(6);","{nfs_shift.part12.rar|http://rapidshare.com/files/.../nfs_shift.part12.rar}","208.67mb"
"writelinkimg(6);","{nfs_shift.part13.rar|http://rapidshare.com/files/.../nfs_shift.part13.rar}","208.67mb"
"writelinkimg(6);","{nfs_shift.part14.rar|http://rapidshare.com/files/.../nfs_shift.part14.rar}","208.67mb"
"writelinkimg(6);","{nfs_shift.part15.rar|http://rapidshare.com/files/.../nfs_shift.part15.rar}","208.67mb"
"writelinkimg(6);","{nfs_shift.part16.rar|http://rapidshare.com/files/.../nfs_shift.part16.rar}","208.67mb"
"writelinkimg(6);","{nfs_shift.part17.rar|http://rapidshare.com/files/.../nfs_shift.part17.rar}","208.67mb"
"writelinkimg(6);","{nfs_shift.part18.rar|http://rapidshare.com/files/.../nfs_shift.part18.rar}","208.67mb"
"writelinkimg(6);","{nfs_shift.part19.rar|http://rapidshare.com/files/.../nfs_shift.part19.rar}","208.67mb"
"writelinkimg(6);","{nfs_shift.part20.rar|http://rapidshare.com/files/.../nfs_shift.part20.rar}","208.67mb"
"writelinkimg(6);","{nfs_shift.part21.rar|http://rapidshare.com/files/.../nfs_shift.part21.rar}","208.67mb"
