"depannage chauffage ain  01","depannage chauffage mayenne  53"
"depannage chauffage aisne  02","depannage chauffage meurthe et moselle  54"
"depannage chauffage allier  03","depannage chauffage meuse  55"
"depannage chauffage alpes de haute provence  04","depannage chauffage morbihan  56"
"depannage chauffage hautes alpes  05","depannage chauffage moselle  57"
"depannage chauffage alpes maritimes  06","depannage chauffage nievre  58"
"depannage chauffage ardeche  07","depannage chauffage nord  59"
"depannage chauffage ardennes  08","depannage chauffage oise  60"
"depannage chauffage ariege  09","depannage chauffage orne  61"
"depannage chauffage aube  10","depannage chauffage pas de calais  62"
"depannage chauffage aude  11","depannage chauffage puy de dome  63"
"depannage chauffage aveyron  12","depannage chauffage pyrenees atlantiques  64"
"depannage chauffage bouches du rhone  13","depannage chauffage hautes pyrenees  65"
"depannage chauffage calvados  14","depannage chauffage pyrenees orientales  66"
"depannage chauffage cantal  15","depannage chauffage bas rhin  67"
"depannage chauffage charente  16","depannage chauffage haut rhin  68"
"depannage chauffage charente maritime  17","depannage chauffage rhone  69"
"depannage chauffage cher  18","depannage chauffage haute saone  70"
"depannage chauffage correze  19","depannage chauffage saone et loire  71"
"depannage chauffage corse du sud  20","depannage chauffage sarthe  72"
"depannage chauffage cote d or  21","depannage chauffage savoie  73"
"depannage chauffage cotes d armor  22","depannage chauffage haute savoie  74"
"depannage chauffage creuse  23","depannage chauffage paris  75"
"depannage chauffage dordogne  24","depannage chauffage seine maritime  76"
"depannage chauffage doubs  25","depannage chauffage seine et marne  77"
"depannage chauffage drome  26","depannage chauffage yvelines  78"
"depannage chauffage eure  27","depannage chauffage deux sevres  79"
"depannage chauffage eure et loir  28","depannage chauffage somme  80"
"depannage chauffage finistere  29","depannage chauffage tarn  81"
"depannage chauffage gard  30","depannage chauffage tarn et garonne  82"
"depannage chauffage haute garonne  31","depannage chauffage var  83"
"depannage chauffage gers  32","depannage chauffage vaucluse  84"
"depannage chauffage gironde  33","depannage chauffage vendee  85"
"depannage chauffage herault  34","depannage chauffage vienne  86"
"depannage chauffage ille et vilaine  35","depannage chauffage haute vienne  87"
"depannage chauffage indre  36","depannage chauffage vosges  88"
"depannage chauffage indre et loire  37","depannage chauffage yonne  89"
"depannage chauffage isere  38","depannage chauffage territoire de belfort  90"
"depannage chauffage jura  39","depannage chauffage essonne  91"
"depannage chauffage landes  40","depannage chauffage hauts de seine  92"
"depannage chauffage loir et cher  41","depannage chauffage seine saint denis  93"
"depannage chauffage loire  42","depannage chauffage val de marne  94"
"depannage chauffage haute loire  43","depannage chauffage val d oise  95"
"depannage chauffage loire atlantique  44","depannage chauffage antilles dom tom  97"
"depannage chauffage loiret  45","depannage chauffage martinique  971"
"depannage chauffage lot  46","depannage chauffage guadeloupe  972"
"depannage chauffage lot et garonne  47","depannage chauffage guyanne  973"
"depannage chauffage lozere  48","depannage chauffage la reunion  974"
"depannage chauffage maine et loire  49","depannage chauffage polynesie francaise  98"
"depannage chauffage manche  50","depannage chauffage principaut� monaco  980"
"depannage chauffage marne  51","depannage chauffage etranger  99"
"depannage chauffage haute marne  52","depannage chauffage"
