"&nbsp;","name","artist","time","price","&nbsp;"
"1","daydreaming (luv it mix)","massive attack","5:27","$1.29","view in itunes"
"2","daydreaming (brixton bass mix)","massive attack","5:22","$1.29","view in itunes"
"3","daydreaming (luv it dub)","massive attack","5:26","$1.29","view in itunes"
"4","unfinished sympathy (nellee hooper 12'' mix)","massive attack","5:51","$1.29","view in itunes"
"5","unfinished sympathy (perfecto mix)","massive attack","5:18","$1.29","view in itunes"
"6","safe from harm (perfecto mix)","massive attack","8:14","$1.29","view in itunes"
"7","safe from harm (just a groove dub)","massive attack","3:18","$1.29","view in itunes"
"8","safe from harm (just a dub)","massive attack","3:13","$1.29","view in itunes"
"9","hymn of the big wheel (nellee hooper mix)","massive attack","5:52","$1.29","view in itunes"
"10","be thankful for what you've got (perfecto mix)","massive attack","6:17","$1.29","view in itunes"
"11","any love (larry heard mix)","massive attack","4:27","$1.29","view in itunes"
