"animal","young","female","male","group","adjective","meat"
"aardvark","cub","sow","boar","—","orycteropodian","NULL"
"alligator","hatchling","cow","bull","congregation[7]","eusuchian","NULL"
"alpaca","cria","NULL","NULL","herd","camelid (see also llama)","NULL"
"american bison (buffalo)","calf","cow","bull","herd","bovine bubaline","NULL"
"ant","larva pupa","queen worker gyne","drone","{[8]|[8]|[8]|[9]|swarm|[8]}","formic myrmecine","NULL"
"anteater","pup","sow","boar","—","NULL","NULL"
"antelope","calf[10]","doe","buck","{herd|[8]|[8]|[8]}","alcelaphine bubaline antilopine","NULL"
"ape","infant","—","—","{[1]|[7]|[8]|[11]|[7]|[8]}","simian","NULL"
"armadillo","pup baby","sow","boar","—","cingulatan","NULL"
"ass/donkey","foal","jenny","jack","{herd|[8]|[8]|[9]|[7]|[8]|[8]}","asinine","NULL"
"baboon","infant","—","NULL","{[7]|[11]|[note 1]}","NULL","NULL"
"badger","cub kit","sow","boar","{[7]|[11]}","musteline","NULL"
"barracuda","NULL","NULL","NULL","school[12]","percesocine","NULL"
"bat","pup","—","—","{[13]|[14]}","pteropine noctillionine","NULL"
"bear","{cub|[15]}","sow she-bear","boar he-bear","sleuth sloth","ursine","NULL"
"beaver","kit kitten pup","—","—","{[7]|[7]}","castorine[16]","NULL"
"bee","larva pupa","queen worker [note 2]","drone","colony drift[11] erst [11] grist [7]hive [7][11] nest[7] swarm[7][11]","apic apian apiarian","NULL"
"bison","calf","cow","bull","herd troop gang obstinacy","see also-buffalo","NULL"
"boar","shoat farrow piglet","NULL","NULL","singular sounder[7]","NULL","NULL"
"buffalo","calf","cow","bull","{[7]|[7]|[7]|[7]}","NULL","NULL"
"bush baby","infant","queen","king drake","congress gathering plot","galagine","NULL"
"butterfly","caterpillar larva pupa chrysalis","NULL","NULL","rabble flight flutter[7]; swarm army (caterpillars)","pieridine pierinelepidopteran","NULL"
"camel","calf","cow","bull","{flock|[7]|[7]}","camelid cameline","NULL"
"caribou","calf","NULL","NULL","herd","NULL","NULL"
"cat","{kitten|kit}","molly queen pussy","tom [note 3]","clowder[7][11] cluster[7] clutter glaring[7][11] pounce[7]kindle (young)","feline","NULL"
"caterpillar","NULL","NULL","NULL","army[7] constituency","NULL","NULL"
"{cattle|[note 4]}","{calf|[17]}","cow[18]","bull","{herd|[7]|[3]|[7]|[7]}","bovine[note 5] vituline (young) vaccine (female) taurine (male)","{beef|veal}"
"chamois","calf","doe","bull","herd","rupicaprine","NULL"
"cheetah","cub","NULL","NULL","coalition[19]","NULL","NULL"
"chicken","chick peep","hen pullet","{rooster|[note 6]}","{flock|[7]|[7]}","galline","poultry"
"chimpanzee","infant","empress","blackback","troop group harem","panine","NULL"
"chinchilla","tureturle kit","velvet sow","boar bull","herd","chinchilline","NULL"
"clam","larva","NULL","NULL","bed","NULL","NULL"
"cobra","NULL","NULL","NULL","quiver[20]","elapid","NULL"
"cockroach","nymph","NULL","NULL","intrusion[20]","blattid","NULL"
"cod -see also fish","codling hake sprag sprat","NULL","NULL","school","NULL","NULL"
"cormorant","chick","NULL","NULL","gulp[20] flight","NULL","NULL"
"coyote","cub pup whelp","bitch","dog","pack train","canine","NULL"
"crab","—","hen","cock jimmy","consortium cast","cancrine","NULL"
"crane","chick colt[21]","NULL","NULL","herd sedge siege","alectorine","NULL"
"crocodile","hatchling","cow","bull","{[7]|[7]}","crocodilian","NULL"
"crow","NULL","NULL","NULL","{[7]|[11]|[3]}","corvine","NULL"
"deer","calf[10] fawn","doe hind cow[10]","buck stag bull[10] hart (red deer)","{[22]|herd|[22]|[22]|[22]}","cervine elaphine","venison humble (organ meat)"
"dinosaur","hatchling juvenile","cow","bull","herd (herbivores) pack (carnivores)","NULL","NULL"
"dog","{[6]|puppy}","bitch dam","dog stud sire","{[22]|[22]}","canine","NULL"
"dogfish","NULL","NULL","NULL","troop[22]","NULL","{rock salmon|flake|[23]}"
"dolphin","calf pup","cow","bull","{herd|[3]}","delphine","NULL"
"donkey","see ass","NULL","NULL","NULL","NULL","NULL"
"dove","chick squal","hen","cock","{[7]|[11]|[22]|[7]|[22]|[7]|[11]|[22]|[11]|[22]|[7]}","columbine","NULL"
"dragonfly","nymph","queen","king drake","cluster flight","anisopteran","NULL"
"duck -see also mallard","duckling","duck hen","drake","on land - flock herd badelynge  brace[9] safe[11] sord[22] sore[22] waddling[22]on water - bunch[11][22] paddling[11][22] raft[11][22]in flight - skein[22] string[22] team[22]","anatine fuliguline","poultry"
"dugong","calf","cow","bull","herd","dugongine","NULL"
"eagle","eaglet fledgling","—","—","convocation brood aerie","aquiline","NULL"
"echidna","puggle","sow","boar","—","tachyglossine","NULL"
"eel","leptocephalus (larva) elver (juvenile)","—","—","swarm cell pipe array","NULL","NULL"
"eland","calf","cow","bull","herd","NULL","NULL"
"elephant","calf[17]","cow[18]","bull[24]","{herd|flock}","proboscine proboscidean","NULL"
"elephant seal","calf","cow","bull","herd pack arrangement","miroungan","NULL"
"elk (wapiti)","calf[10]","cow[10]","bull[10]","gang herd","cervine","venison"
"emu","chick hatchling","NULL","NULL","mob","NULL","NULL"
"falcon","eyass/eyas","falcon","tiercel tercel terzel","cast","acciptrine","NULL"
"ferret","kit","jill","hob[note 7]","busyness[1] business fesny(i)ng fesynes","musteline","NULL"
"finch","chick","hen","cock","quiver","fringilline","NULL"
"fish","fry fingerling","NULL","NULL","draft run school shaol","NULL","NULL"
"fly","maggot","NULL","NULL","swarm cloud business","dipterous","NULL"
"fox","{[15]|[6]}","vixen","tod dog dog fox reynard","{[7]|[9]|[7]|[9]}","vulpine","NULL"
"frog","polliwog tadpole froglet","-","-","army colonybundlefester knot","ranine","NULL"
"gaur","calf","cow","bull","herd","bovine gaurine","garabeef"
"gazelle","calf[10]","cow[10]","bull[10]","herd","gazelline","NULL"
"gerbil","pup","doe","buck","horde","cricetine","NULL"
"giant panda","cub","sow","boar","NULL","NULL","NULL"
"giraffe","calf","cow doe","bull","{herd|[25]}","giraffine","NULL"
"gnat","larva","NULL","NULL","cloud horde","NULL","NULL"
"gnu","calf","cow","bull","herd","NULL","NULL"
"goat","kid","nanny doe doeling","billy buck[note 8] buckling","herd mob tribe trip","caprine hircine","{chevon|cabrito|mutton}"
"goose","gosling","goose","gander","on ground - flock gagglein flight - skein[11] team[11] wedge[11]","anatine anserine","poultry"
"gopher -see prairie dog","NULL","NULL","NULL","NULL","NULL","NULL"
"gorilla","infant","—","blackbacksilverback","troop group (band)","simian","NULL"
"grasshopper","nymph","NULL","NULL","swarm","NULL","NULL"
"grouse","NULL","NULL","NULL","covey","NULL","NULL"
"guanaco","chulengo","NULL","NULL","NULL","camelid","NULL"
"guinea fowl","chick","hen","cock","flock[26]","numidine","poultry"
"guinea pig","pup","sow","boar","herd","NULL","NULL"
"gull","chick scorrie[27]","hen","cock","flock","larine","NULL"
"hamster","pup","doe","buck","horde saladbowl[citation needed]","cricetid","NULL"
"hare","leveret","doe jill","buck jack","band down warren husk","leverine leporine","NULL"
"hawk","eyas","hen","tiercel","cast kettle boil[note 9]","accipitrine falconine","NULL"
"hedgehog","hoglet piglet pup","sow","boar","array[3]","erinaceine","NULL"
"heron","chick","hen","cock","siege sedge","NULL","NULL"
"hippopotamus","calf","cow","bull","{herd|[20]}","hippopotamine","NULL"
"hornet","larvae pupae","queen","drone","swarm","vespine","NULL"
"{horse|[note 10]}","{foal|colt|filly}","mare dam","stallion stud","herd band mob team (work horses) stable harras string or field (race horses)","equine","NULL"
"human","child girl boy","woman","man","band crowd clan tribe","human","{[28]|cannibalism}"
"hummingbird","chick","hen","cock","charm","NULL","NULL"
"hyena","cub pup whelp","bitch","dog","{[7]|[9]}","hyenine","NULL"
"iguana","NULL","NULL","NULL","NULL","iguanine","NULL"
"jackal","pup","NULL","NULL","pack","NULL","NULL"
"jaguar","cub","NULL","NULL","NULL","NULL","NULL"
"jay blue","chick","hen","cock","charm","NULL","NULL"
"jellyfish","{planula|polyp|ephyra|[29]}","sow","boar","{bloom|[11]|[9]|[11]|[3]|[30]}","scyphozoan","NULL"
"kangaroo","joey","flyer doe jill roo","boomer buckjack","mob troop court herd","macropodine","NULL"
"koala","joey","doe","buck","colony population","phascolarctine","NULL"
"komodo dragon","hatchling chick calf","cow hen","bull cock","bank","varanine","NULL"
"kouprey","calf","cow","bull","herd","sauveline bovine","NULL"
"kudu","calf","cow","bull","herd","NULL"
"lark","chick","hen","cock","exaltation","alaudine","NULL"
"lemur","infant","princess","dictator","plot congress conspiracy","lemurine","NULL"
"leopard","cub","leopardess","leopard prowl spot (has been proposed)","leap lepe","pardine","NULL"
"lion","cub[15]","lioness","lion","pride sawt","leonine","NULL"
"llama","cria","hembra","macho","{herd|flock}","camelid","NULL"
"lobster","NULL","hen[4]","cock[4]","NULL","homarine","NULL"
"locust","nymph","—","—","cloud host plague swarm","caelifera","NULL"
"loris","infant","NULL","NULL","colony[31]","lorisine[32]","NULL"
"louse","nymph","—","—","colony infestation lice","pediculine","NULL"
"lyrebird","NULL","hen","cock","musket","menurine","NULL"
"magpie","chick","hen","cock","tiding tittering tribe gulp murder charm flock","garruline","NULL"
"mallard","duckling","hen","drake","brace flush lute puddling sord","anatine","poultry"
"manatee","calf","cow","bull","herd","manatine sirenian","NULL"
"meerkat","pup","—","—","clan gang mob","NULL"
"mink","cub kit","sow","boar","NULL","musteline","NULL"
"mole","pup","sow","boar","labour company movement","talpine","NULL"
"monkey","infant boy/girl","—","—","tribe troop[11]","simian","NULL"
"moose","calf[10]","cow[10]","{[10]|[24]}","herd","cervine","venison"
"mouse","kitten pinky/fuzzy/crawler/hopper (as pet food)[33] pup","doe","buck","colony harvest horde mischief nest","murine","NULL"
"mosquito","nymph wriggler tumbler","—","—","scourge swarm cloud","aedine anopheline","NULL"
"mule","foal","molly mare mule","john horse mule","barren pack span rake","NULL","NULL"
"narwhal","calf","-","-","blessing[citation needed]","-","NULL"
"newt","eft[34]","-","-","-","-","NULL"
"nightingale","chick","hen","cock","watch flock route match","philomelian","NULL"
"okapi","calf","cow","bull","herd","okapine","NULL"
"opossum","ljoey","jill","jack","NULL","NULL","NULL"
"oryx","calf","NULL","NULL","NULL","NULL","NULL"
"ostrich","hatchling chick","hen","cock","flock troop","ratite struthious","NULL"
"otter","pup whelp","sow","boar","romp bevy lodge family raft","musteline lutrine","NULL"
"owl","fledgling owlet","NULL","NULL","parliament stare wisdom","strigine","NULL"
"ox","calf","cow","bull steer","yoke team drove herd","bovine","NULL"
"oyster","spat","NULL","NULL","bed hive cast culch","ostracine","meat"
"panda - see bear","NULL","NULL","NULL","NULL","NULL","NULL"
"panther","cub","pantheress","NULL","NULL","pantherine","NULL"
"parrot","chick","hen","cock","company flock","NULL","NULL"
"partridge","chick","hen chantelle","cock","covey","perdicine","NULL"
"peafowl","chick peachick","peahen","peacock","party muster ostentation pride","pavonine","poultry"
"pelican","chick nestling","NULL","NULL","scoop pod[7]","NULL","NULL"
"penguin","chick nestling","NULL","NULL","rookery waddle colony (on land) raft (in water) [35]","spheniscine","NULL"
"{pig|[note 11]}","piglet shoat/shote (a young just weaned pig) gilt (female)","sow","boar","herd drove mob drift litter sounder","porcine suilline","{pork|ham|bacon}"
"pigeon","squab squeaker","hen","cock","flight loft flock kit team","pullastrine","squab"
"platypus","platypus","NULL","NULL","puddle","NULL","NULL"
"pony","foal (either sex) colt (young immature male) filly (young immature female)","mare","stallion","herd marmalade string","equine","NULL"
"porcupine","pup","sow","boar","prickle","hystricine","NULL"
"porpoise","calf","cow","bull","herd pod school","NULL","NULL"
"prairie dog","pup","sow","boar","coterie town","NULL","NULL"
"quelea","chick","hen","cock","flock swarm","queline"
"rabbit","bunny kit kitten nestling","doe jill","buck jack","warren nest colony bevy bury drove trace leash","leporine","NULL"
"raccoon","cub kit","sow","boar","nursery gaze","procyonine","NULL"
"rail","chick","reeve","ruff","NULL","ralline","NULL"
"ram","lamb","ewe","ram","flock","arietine ovine","lamb and mutton"
"rat","kitten nestling pinkie pup calf[6]","doe cow","buck bull","colony horde mischief pack plague swarm","murine","NULL"
"raven","NULL","NULL","NULL","{[1]|[36]|[citation needed]}","corvine","NULL"
"red deer","calf","hind","stag","herd","NULL","venison"
"red panda","cub","sow","boar","pack","ailuirine"
"reindeer (caribou)","calf","cow","bull","herd","rangiferine","NULL"
"rhinoceros","calf","cow","bull","crash herd","ceratorhine","NULL"
"rook","NULL","NULL","NULL","{[11]|[11]|[37]}","NULL","NULL"
"salamander","tadpole salamanderling","sow","boar","maelstrom band","caudatan"
"sand dollar","larva pluteus (free swimming stage) juvenile (young urchin)","NULL","NULL","NULL","NULL","NULL"
"sea lion","pup calf","cow","bull","pod colony crash flock harem bob herd rookery team hurdle","otarine","NULL"
"[[sea urchin]","larva pluteus (free swimming stage) juvenile (young urchin)","NULL","NULL","NULL","NULL","NULL"
"seahorse","seafoal","seamare","seastallion","shoal","hippocampal","NULL"
"seal","pup[6]","cow","bull","pod rookery bob herd harem","phocine","NULL"
"seastar","chick","hen","cock","group school","asteridan","NULL"
"serval","kitten","NULL","NULL","NULL","NULL","NULL"
"shark","cub[15]","NULL","bull","frenzy school shiver","selachian","flake (aus)"
"sheep","lamb lambkin cosset","ewe dam","ram[note 8] buck","drift drove mob flock trip herd","ovine","{lamb|mutton|hoggett}"
"shrew","shrewlet baby","sow","boar","colony race drove","soricine","NULL"
"skunk","kit","sow","boar[4]","surfeit","NULL","NULL"
"snail","-","n/a","n/a","hood","gastropodian","escargot"
"snake","snakelet hatchling (a newly-hatched snake) neonate(newborn)","—","—","pit nest or bed","anguine elapine serpentine viperine ophidian","NULL"
"spider","spiderling","NULL","NULL","cluster clutter","arachnine arachnoid","NULL"
"squid","chick","hen","cock","roundup audience","tethidine","calamari"
"squirrel","pup kit kitten","doe","buck","squad dray scurry[20]","sciurine","NULL"
"stinkbug","nymph","NULL","NULL","intrusion","pentatomidae","NULL"
"swallow","NULL","NULL","NULL","flight","NULL","NULL"
"swan","cygnet flapper","pen","cob","bevy game flock herd team wedge","cygnine","NULL"
"tapir","calf","cow","bull","measure herd","tapirine","NULL"
"tarsier","infant","doe","buck","herd plot harem troop","tarsiine","NULL"
"termite","larva","cow","bull","colony swarm","NULL","NULL"
"tiger","cub[15] whelp","tigress","tiger","{[7]|[20]}","tigrine","NULL"
"toad","tadpole toadlet","—","—","{[7]|[9]}","ranine batrachian","NULL"
"trout","fingerling","NULL","NULL","hoover","NULL","NULL"
"turkey","poult","hen","tom gobbler stag jake (immature)","cream rafter","NULL","poultry"
"turtle","hatchling","—","—","bale dule","chelonian","NULL"
"vicuña","calf","cow señorita","bull señor","posse herd","cameline","NULL"
"wallaby","joey","jill","jack","mob","NULL","NULL"
"walrus","calf","cow","bull","herd flock pod","odobenine","NULL"
"wasp -see also bee","larva","queen worker","drone","swarm hive colony","vespine","NULL"
"water buffalo","calf","cow","bull","pot","NULL","carabeef"
"weasel","pup kit","bitch doe jill","buck dog hub jack","sneak gang[38]","musteline","NULL"
"whale","calf[17]","cow[18]","bull","gam grind pod herd school","cetacean cetaceous","blubber"
"wolf","cub pup[6] whelp","bitch she-wolf","dog","pack rout","lupine","NULL"
"wombat","joey chick","jill","jack","wisdom mob","NULL","NULL"
"woodpecker","chick","NULL","NULL","descent","NULL","NULL"
"worm","wormlet","NULL","NULL","bed bunch clew squirm wiggle","helminthic vermian","NULL"
"wren","chick","cow","bull","herd cabinet","NULL","NULL"
"yak","calf","cow","bull","herd cabinet","NULL","NULL"
"zebra","colt foal","mare","stallion","{[7]|[39]|[39]|[7]|[39]}","zebrine hippotigrine","NULL"
