"4 Color Process Message Magnet w- Picture Frame - Investment Words Image                                      addthis_pub = 'szwholesale';   addthis_brand = 'sz-wholesale.com';  addthis_options = 'twitter favorites email reddit stumbleupon delicious facebook google more';","Products Name:","4 Color Process Message Magnet w- Picture Frame - Investment Words"
"4 Color Process Message Magnet w- Picture Frame - Investment Words Image                                      addthis_pub = 'szwholesale';   addthis_brand = 'sz-wholesale.com';  addthis_options = 'twitter favorites email reddit stumbleupon delicious facebook google more';","Item No:","C20050320983"
"4 Color Process Message Magnet w- Picture Frame - Investment Words Image                                      addthis_pub = 'szwholesale';   addthis_brand = 'sz-wholesale.com';  addthis_options = 'twitter favorites email reddit stumbleupon delicious facebook google more';","Update time:","2010-05-02"
"4 Color Process Message Magnet w- Picture Frame - Investment Words Image                                      addthis_pub = 'szwholesale';   addthis_brand = 'sz-wholesale.com';  addthis_options = 'twitter favorites email reddit stumbleupon delicious facebook google more';","Price","From                   USD0.5 to 10 or Negotiable"
"4 Color Process Message Magnet w- Picture Frame - Investment Words Image                                      addthis_pub = 'szwholesale';   addthis_brand = 'sz-wholesale.com';  addthis_options = 'twitter favorites email reddit stumbleupon delicious facebook google more';","Minimum Order:","500                   Unitor Negotiable"
"4 Color Process Message Magnet w- Picture Frame - Investment Words Image                                      addthis_pub = 'szwholesale';   addthis_brand = 'sz-wholesale.com';  addthis_options = 'twitter favorites email reddit stumbleupon delicious facebook google more';","Delivery Date:","15 Days After Payment                   and Sample Confirmation"
"4 Color Process Message Magnet w- Picture Frame - Investment Words Image                                      addthis_pub = 'szwholesale';   addthis_brand = 'sz-wholesale.com';  addthis_options = 'twitter favorites email reddit stumbleupon delicious facebook google more';","Average Customer                   Rating:",""
"4 Color Process Message Magnet w- Picture Frame - Investment Words Image                                      addthis_pub = 'szwholesale';   addthis_brand = 'sz-wholesale.com';  addthis_options = 'twitter favorites email reddit stumbleupon delicious facebook google more';","Enquiry Now:","NULL"
"4 Color Process Message Magnet w- Picture Frame - Investment Words Image                                      addthis_pub = 'szwholesale';   addthis_brand = 'sz-wholesale.com';  addthis_options = 'twitter favorites email reddit stumbleupon delicious facebook google more';","&nbsp;","&nbsp;"
"4 Color Process Message Magnet w- Picture Frame - Investment Words Image                                      addthis_pub = 'szwholesale';   addthis_brand = 'sz-wholesale.com';  addthis_options = 'twitter favorites email reddit stumbleupon delicious facebook google more';","&nbsp;","&nbsp;"
"4 Color Process Message Magnet w- Picture Frame - Investment Words Image                                      addthis_pub = 'szwholesale';   addthis_brand = 'sz-wholesale.com';  addthis_options = 'twitter favorites email reddit stumbleupon delicious facebook google more';","",""
"4 Color Process Message Magnet w- Picture Frame - Investment Words Image                                      addthis_pub = 'szwholesale';   addthis_brand = 'sz-wholesale.com';  addthis_options = 'twitter favorites email reddit stumbleupon delicious facebook google more';","&nbsp;","&nbsp;"
"4 Color Process Message Magnet w- Picture Frame - Investment Words Image                                      addthis_pub = 'szwholesale';   addthis_brand = 'sz-wholesale.com';  addthis_options = 'twitter favorites email reddit stumbleupon delicious facebook google more';"
"4 Color Process Message Magnet w- Picture Frame - Investment Words Image                                      addthis_pub = 'szwholesale';   addthis_brand = 'sz-wholesale.com';  addthis_options = 'twitter favorites email reddit stumbleupon delicious facebook google more';"
"4 Color Process Message Magnet w- Picture Frame - Investment Words Image                                      addthis_pub = 'szwholesale';   addthis_brand = 'sz-wholesale.com';  addthis_options = 'twitter favorites email reddit stumbleupon delicious facebook google more';"
"4 Color Process Message Magnet w- Picture Frame - Investment Words Image                                      addthis_pub = 'szwholesale';   addthis_brand = 'sz-wholesale.com';  addthis_options = 'twitter favorites email reddit stumbleupon delicious facebook google more';"
"4 Color Process Message Magnet w- Picture Frame - Investment Words Image                                      addthis_pub = 'szwholesale';   addthis_brand = 'sz-wholesale.com';  addthis_options = 'twitter favorites email reddit stumbleupon delicious facebook google more';"
