"Language","Location","Common&nbsp;name","PIER&nbsp;bibliographic&nbsp;reference","Comments"
"English","?","galinsoga","Holm Leroy G./Plucknett D. L./Pancho J. V./Herberger J. P. (1977)&nbsp;(p.&nbsp;284)","&nbsp;"
"English","?","gallant soldier","U. S. Government (2010)","&nbsp;"
"English","?","small-flower galinsoga","U.S. Dept. Agr. Agr. Res. Serv. (2010)","&nbsp;"
"English","?","yellow weed","Henty E. E./Pritchard G. H. (1975)&nbsp;(p.&nbsp;76)","&nbsp;"
"English","Australia (continental)","chick weed","Holm Leroy G./Plucknett D. L./Pancho J. V./Herberger J. P. (1977)&nbsp;(p.&nbsp;284)","&nbsp;"
"English","Australia (continental)","potato weed","Holm Leroy G./Plucknett D. L./Pancho J. V./Herberger J. P. (1977)&nbsp;(p.&nbsp;284)","&nbsp;"
"English","Cambodia (Kingdom of)","ciliate galinsoga","Holm Leroy G./Plucknett D. L./Pancho J. V./Herberger J. P. (1977)&nbsp;(p.&nbsp;284)","&nbsp;"
"English","Cambodia (Kingdom of)","quick weed","Holm Leroy G./Plucknett D. L./Pancho J. V./Herberger J. P. (1977)&nbsp;(p.&nbsp;284)","&nbsp;"
"Japanese","?","hakidamegiku","Holm Leroy G./Plucknett D. L./Pancho J. V./Herberger J. P. (1977)&nbsp;(p.&nbsp;284)","&nbsp;"
"Spanish","?","pacuyuyo","Holm Leroy G./Plucknett D. L./Pancho J. V./Herberger J. P. (1977)&nbsp;(p.&nbsp;284)","&nbsp;"
"Spanish","Colombia (Republic of)","guasco","Holm Leroy G./Plucknett D. L./Pancho J. V./Herberger J. P. (1977)&nbsp;(p.&nbsp;284)","&nbsp;"
"Spanish","Costa Rica (Republic of)","mielcilla","Atkinson Rachel/Sawyer John (2011)","&nbsp;"
"Spanish","Mexico (United Mexican States)","rosilla chica","Holm Leroy G./Plucknett D. L./Pancho J. V./Herberger J. P. (1977)&nbsp;(p.&nbsp;284)","&nbsp;"
"Spanish","Per&uacute; (Republic of)","chuminca","Holm Leroy G./Plucknett D. L./Pancho J. V./Herberger J. P. (1977)&nbsp;(p.&nbsp;284)","&nbsp;"
