"{|Awesome Tan}","{|Awesome Tan}","{|Awesome Tan}","{|Awesome Tan}","{|Awesome Tan}","{|Awesome Tan}"
"Name:","Heather Payne","Date:","February 3 2010","Location:","Riverside"
"Header:","Awesome Tan","Rating:","No Rating","From:","Facebook"
"So I got an airbrush tan done yesterday. Amazing I love how it looks. Any of mine friends that want it done call me &amp; I can give you her number she is freakin awesome. Rockin the tan thanks kristy","So I got an airbrush tan done yesterday. Amazing I love how it looks. Any of mine friends that want it done call me &amp; I can give you her number she is freakin awesome. Rockin the tan thanks kristy","So I got an airbrush tan done yesterday. Amazing I love how it looks. Any of mine friends that want it done call me &amp; I can give you her number she is freakin awesome. Rockin the tan thanks kristy","So I got an airbrush tan done yesterday. Amazing I love how it looks. Any of mine friends that want it done call me &amp; I can give you her number she is freakin awesome. Rockin the tan thanks kristy","So I got an airbrush tan done yesterday. Amazing I love how it looks. Any of mine friends that want it done call me &amp; I can give you her number she is freakin awesome. Rockin the tan thanks kristy","So I got an airbrush tan done yesterday. Amazing I love how it looks. Any of mine friends that want it done call me &amp; I can give you her number she is freakin awesome. Rockin the tan thanks kristy"
"&nbsp;","&nbsp;","&nbsp;","&nbsp;","&nbsp;","&nbsp;"
