"","圣诞节祝福短信集锦","NULL","元旦新年祝福语短信（2010年）"
"NULL","新年祝福节日祝福短信好句","NULL","2010新年贺词"
"NULL","圣诞节祝福短信短语（中英文）","NULL","给父母亲圣诞节祝福短信短语（中英文）"
"NULL","给师长·上司圣诞节祝福短信短语（中英文）","NULL","给上司长辈的圣诞节祝福短信短语（中英文）"
"NULL","给朋友圣诞节祝福短信短语（中英文）","NULL","给你的爱人和情侣圣诞节祝福短信短语（中英文）"
"NULL","元旦新年祝福短信集锦","NULL","圣诞节来历"
"NULL","2010新年祝福短信","NULL","新年元旦春节精彩祝福短信"
"NULL","元旦的来历和习俗","NULL","中国的节日"
"NULL","春节的由来","NULL","2010元旦新年诗歌集"
"NULL","2010元宵节精彩短信集","NULL","2010新年贺词（领导版）"
"NULL","2010年新年贺词祝福语","NULL","中英文版新年祝福"
"NULL","三八妇女节祝福短信","NULL","中国传统节日时间名称（中英对照版）"
"NULL","阳历节日时间名称（中英对照版）","NULL","有关清明节的诗句好句"
"NULL","清明节的习俗","NULL","清明节的来历与传说"
"NULL","清明节简介","NULL","描写关于春节过年的好词好句好段"
"NULL","关于新年春节元宵节的古诗词文章","NULL","有关教师节的好词好句"
"NULL","关于中秋节的好诗好句好段","NULL","国庆节祝福语"
"NULL","领导新年贺词 身体好 工作好（2011年版）","NULL","元旦春节好词好诗"
"NULL","元旦的祝福好词好句","NULL","新年管理人员对员工有哪些好词好句？"
"NULL","元旦祝福语","NULL","新年祝福语"
"NULL","与竹子有关的新年祝福语","NULL","描写烟花的好句"
"NULL","祝福2012年龙年带龙字的成语祝福语","NULL","赞美龙年的词句及对联"
"NULL","描写除夕一家人吃年夜饭时的情景的好句","&nbsp;","&nbsp;"
"&nbsp;","&nbsp;","&nbsp;","&nbsp;"
"&nbsp;","&nbsp;","&nbsp;","&nbsp;"
"&nbsp;","&nbsp;","&nbsp;","&nbsp;"
"&nbsp;","&nbsp;","&nbsp;","&nbsp;"
"&nbsp;","&nbsp;","&nbsp;","&nbsp;"
"&nbsp;","&nbsp;","&nbsp;","&nbsp;"
"&nbsp;","&nbsp;","&nbsp;","&nbsp;"
"&nbsp;","&nbsp;","&nbsp;","&nbsp;"
"&nbsp;","&nbsp;","&nbsp;","&nbsp;"
"&nbsp;","&nbsp;","&nbsp;","&nbsp;"
"&nbsp;","&nbsp;","&nbsp;","&nbsp;"
"&nbsp;","&nbsp;","&nbsp;","&nbsp;"
