"NULL","NULL","NULL","NULL"
"masturbation&nbsp;( 271 views)","Kirsten Price likes suck dick blowjob&nbsp;( 348 views)","Kleopatra is truly the jewel of the Nile&nbsp;( 221 views)","Ellington could raise the cock of a dead guy!&nbsp;( 394 views)"
"Masturbation Fun&nbsp;( 312 views)","Young teen Bitch Fleshlight masturbation&nbsp;( 345 views)","Fleshlight Masturbation fuck&nbsp;( 451 views)","Hardcore Fleshlight Masturbation fuck&nbsp;( 250 views)"
"Afternoon Wank&nbsp;( 422 views)","Kinky amateur lesbians licking hot pussy&nbsp;( 293 views)","Carmen and Ryder hot lesbians&nbsp;( 314 views)","Teenage bathroom masturbation from Young Busty&nbsp;( 486 views)"
"Gallery 26075 from Seventeen Video&nbsp;( 312 views)","Masturbating in the kitchen from Seventeen Video&nbsp;( 327 views)","Blonde Teen Masturbation &nbsp;( 414 views)","Sexy girl stripping&nbsp;( 182 views)"
"Hot blonde babe in lingerie self-pleasing&nbsp;( 431 views)","alexa just out of school at ftv&nbsp;( 242 views)","close friends doing lesbian and masturbation in bathroom&nbsp;( 236 views)","teen panty pussy finger&nbsp;( 234 views)"
