"&nbsp;","{Museen||Messen||Biennalen||Galerien}","&nbsp;"
"&nbsp;","&nbsp;","&nbsp;"
"&nbsp;","{|||}","&nbsp;"
"&nbsp;","&nbsp;","&nbsp;"
"&nbsp;","Amadeo de Souza-Cardoso            Paula Modersohn-Becker            Martin Westwood            Zhou Tiehai            Dominique Figarella            Jacques Charlier            Tobias Bernstrup            Peter Piller            Zhuang Hui            Parastou Forouhar            Eugen Sch?nebeck            Stephen Dean            Yona Friedman            Michael Buthe            Tomma Abts            Getulio Alviani            Monica Majoli            Rob Birza            Javier P?rez            David Korty            Stephen Conroy            Abelardo Morell            Stanton Macdonald-Wright            Joaqu?n Sorolla y Bastida            Les Levine            Charles Ephraim Burchfield            Manfred Erjautz            Frederick Sommer            Rudolf de Crignis            Erwin Pfrang            Werner Reiterer            Ingeborg L?scher            Ray K. Metzker            Eugenio Dittborn            Nic Hess            Liu Wei            Gitte Villesen            Herzog & de Meuron            Dick Higgins            G?nther Selichar            Mimmo Jodice            John Nixon            Marc Camille Chaimowicz            Maria Friberg            Barbara Bloom            Ralph Gibson            Seth Price            Vincent Tavenne            Matthias Herrmann            Al Hansen            Andreas Siekmann            Mario Air?            Alexandra Ranner            John Tremblay            Tiong Ang            Valery Koshlyakov            Hermann Pitz            Dadamaino            Genevi?ve Cadieux            Carles Congost            Dexter Dalwood            Moshekwa Langa            Michael Sailstorfer            David Zink Yi            Len Lye            Ralf Peters            Shigeko Kubota            Dieter Kiessling            Peter Hutchinson            Antonio Calderara            Oliver Ressler            Merlin Carpenter            Sa?dane Afif            Bazon Brock            Carlos M?rida            Ryan McGinley            Gediminas Urbonas            Matthias Hoch            Antonin Artaud            Miguel Calder?n","&nbsp;"
"&nbsp;","Kunst und KulturHaus der Kunst M&uuml;nchen Galerien Berlin Bildende Kunst Kunst Bilder Kunst Schulen Buch Kunst Bild Kunst Maler Kunst Museum Abstrakte Kunst Moderne Kunst uvm. tribal art photo art italian art art supplies wall art state of the art black art art designs art of noise garden art egyptian art kunstdrucke nail art aboriginal art  art news  gnome art art sculpture art shoes  fine art art jobs art gallery ascii art christmas clip art kids art art posters art hotel gothic art art com art painting art materials album cover art deviant art art prints religious art metal art video art tree art art deco art photos graphic art art art fair art of living etc.Informationen   Themen   Links etc.Routenplaner Erotik  Auto Lycos dvd Immobilien Google Studieren Software Musik Chat Ebay Weiterbildung Kostenlos Billigfliegen ...","&nbsp;"
