"aircraft ground power","aircraft jumper cables","alkaline batteries"
"apu power plugs","batteries","battery cable kits"
"battery chargers","battery tools","batteryminder charger"
"cable ties","cessna battery box","circuit breakers"
"coaxial cable","concorde batteries","contact cleaner"
"elt battery","external power receptacle","gill batteries"
"ground power units","headset jacks","lacing cord"
"lithium batteries","m23053/5 heat shrink","mil-w-22759/16 unshielded wire"
"mil-w-27500 shielded wire","odyssey drycell batteries","piper battery boxes"
"push-to-talk coil cord","solder wick","static wick covers"
"static wicks","wire splice &#47; solder sleeve","wire wrap &#47; spiral wrap"
