"Language","Location","Common&nbsp;name","PIER&nbsp;bibliographic&nbsp;reference","Comments"
"Chinese","?","he lian dou cao","Zhengyi Wu/Raven Peter H./Deyuan Hong (2011)","&nbsp;"
"English","?","chickweed","Cardenas Juan/Reys Carlos E./Doll Jerry D./Pardo Fernando (1972)&nbsp;(p.&nbsp;119)","&nbsp;"
"English","?","drymaria","U.S. Dept. Agr. Agr. Res. Serv. (2010)","&nbsp;"
"English","?","heartleaf drymary","Holm Leroy/Doll Jerry/Holm Eric/Pancho Jaun/Herberger James (1997)&nbsp;(p.&nbsp;307)","&nbsp;"
"English","?","tropical chickweed","Holm Leroy/Doll Jerry/Holm Eric/Pancho Jaun/Herberger James (1997)&nbsp;(p.&nbsp;307)","&nbsp;"
"English","?","West Indian chickweed","U.S. Dept. Agr. Agr. Res. Serv. (2010)","&nbsp;"
"French","?","mourron blanc","U.S. Dept. Agr. Agr. Res. Serv. (2010)","&nbsp;"
"Hawaiian","Hawaiian Islands","pilipili","Wagner Warren L./Herbst Derral R./Sohmer S. H. (1999)&nbsp;(p.&nbsp;505)","&nbsp;"
"Hawaiian","Hawaiian Islands","pipili","Wagner Warren L./Herbst Derral R./Sohmer S. H. (1999)&nbsp;(p.&nbsp;505)","&nbsp;"
"Spanish","?","drimaria","Cardenas Juan/Reys Carlos E./Doll Jerry D./Pardo Fernando (1972)&nbsp;(p.&nbsp;119)","&nbsp;"
"Spanish","?","pega-pinto","Cardenas Juan/Reys Carlos E./Doll Jerry D./Pardo Fernando (1972)&nbsp;(p.&nbsp;119)","&nbsp;"
"Spanish","?","yerba de estrella","Cardenas Juan/Reys Carlos E./Doll Jerry D./Pardo Fernando (1972)&nbsp;(p.&nbsp;119)","&nbsp;"
"Spanish","Colombia (Republic of)","golondrina","Holm Leroy/Doll Jerry/Holm Eric/Pancho Jaun/Herberger James (1997)&nbsp;(p.&nbsp;307)","&nbsp;"
"Spanish","Colombia (Republic of)","nervillo","Holm Leroy/Doll Jerry/Holm Eric/Pancho Jaun/Herberger James (1997)&nbsp;(p.&nbsp;307)","&nbsp;"
"Spanish","Colombia (Republic of)","pajarera","Holm Leroy/Doll Jerry/Holm Eric/Pancho Jaun/Herberger James (1997)&nbsp;(p.&nbsp;307)","&nbsp;"
"Spanish","El Salvador (Republic of)","chischina","Holm Leroy/Doll Jerry/Holm Eric/Pancho Jaun/Herberger James (1997)&nbsp;(p.&nbsp;307)","&nbsp;"
"Spanish","Honduras (Republic of)","palitaria","Holm Leroy/Doll Jerry/Holm Eric/Pancho Jaun/Herberger James (1997)&nbsp;(p.&nbsp;307)","&nbsp;"
