"NULL","NULL","NULL"
"&nbsp;","12.11.2008&nbsp;PARRA INCASE ARKITYP PROJECT","&nbsp;"
"NULL","NULL","NULL"
"&nbsp;","","&nbsp;"
"NULL","NULL","NULL"
"&nbsp;","KNOWN FOR COMBINING BRIGHT COLORS AND HIS MASTERY OF ILLUSTRATED FONTS WITH A TWIST OF WIT PARRA?S WORK IS SOUGHT AFTER BY A NEW GENERATION OF DESIGN FANATICS WHO APPRECIATE HIS UNIQUE STYLE THAT IS HEAVILY INFLUENCED BY EARLY NINETIES MUSIC AND STREET CULTURE.PARRA IS FEATURED IN THE SECOND INSTALLMENT OF CURATED BY ARKITIP FOR INCASE WITH A SLEEVE FOR MACBOOK PRO 15? AND A SLIDER CASE FOR IPHONE 3G.AVAILABLE FROM US.","&nbsp;"
"NULL","&nbsp;","NULL"
