"Entree/Main course","","","",""
"Crisp Garden Leaves                    with Chardonnay Dressing                    Entree                    Main Course","","","","{$13.50|$21.00}"
"Rocket Pear and Parmesan and Toasted Walnut Salad                    Entree                    Main Course","","","","$14.50                    $22.00"
"Risotto of Pocini and Thyme                    Vine Ripened Tomatoes and Artichokes                    Entree                    Main Course","","","","{$19.80|$26.80}"
"Roasted Burghul and Mushroom Cake                    Sesame and Yoghurt Dressing Crispy Leek                    Entree                    Main Course","","","","{$19.80|$26.80}"
"Potato Gnocchi                    Mushrooms Braised Spinach Tomato and Grana Padano Gor                    Entree                    Main Course","","","","{$19.80|$26.80}"
"Grilled Polenta                    Asparagus Marinated Peppers and Garlic Eggplant                    Entree                    Main Course","","","","{$19.80|$26.80}"
"Dukkah Seasoned Roasted Vegetables                    Beetroot and Feta Mousse                    Entree                    Main Course","","","","{$19.80|$26.80}"
"Watercress witlof Apple and Almond Salad                    with Blue Cheese Dressing                    Entree                    Main Course","","","","{$14.50|$22.00}"
