"&nbsp;Company name","&nbsp;Reserved Information","&nbsp;Phone","&nbsp;Reserved Information"
"&nbsp;Country","&nbsp;Cameroon","&nbsp;Fax","&nbsp;Reserved Information"
"&nbsp;Area ( county )","&nbsp;Reserved Information","&nbsp;Email","&nbsp;Reserved Information"
"&nbsp;Contact person","&nbsp;Reserved Information","&nbsp;Web Site","&nbsp;Reserved Information"
"&nbsp;Published on","&nbsp;2010-09-06","&nbsp;Expires on","&nbsp;"
"","","",""
"&nbsp;You can use the following languages for the commercial correspondence:     English - Italiano - Fran?ais -","&nbsp;You can use the following languages for the commercial correspondence:     English - Italiano - Fran?ais -","&nbsp;You can use the following languages for the commercial correspondence:     English - Italiano - Fran?ais -","&nbsp;You can use the following languages for the commercial correspondence:     English - Italiano - Fran?ais -"
