"tracker name","Status","checked","seeders","leechers","downloads"
"http://tracker.openbittorrent.com/announce","outdated","19 Mar 2010","-","-","-"
"http://torrent-downloads.to:5869/announce","outdated","13 Jan 2010","-","-","-"
"http://tracker.bittorrent.am/announce","outdated","13 Jan 2010","-","-","-"
"http://alt.sextorrent.to:2710/announce","error","22 Apr 2009","-","-","-"
"http://kota.homelinux.com:6969/announce","error","22 Apr 2009","-","-","-"
"http://www.sumotracker.com/announce","error","22 Apr 2009","-","-","-"
