"&nbsp;Download Name","Date Added","Speed"
"&nbsp; Death Proof Download","13-Feb-2012","(122kb/s)"
"&nbsp; Death Proof Torrent","13-Feb-2012","(757kb/s)"
"&nbsp; Death Proof Unlock Code","13-Feb-2012","(617kb/s)"
"&nbsp; Death Proof Hacked","12-Feb-2012","(357kb/s)"
"&nbsp; Death Proof Rip","12-Feb-2012","(714kb/s)"
"&nbsp; Death Proof Direct","12-Feb-2012","(151kb/s)"
"&nbsp; Death Proof (2012)","12-Feb-2012","(725kb/s)"
"&nbsp; Death Proof DVDRip Xvid-DiVERSiTY","21-Jan-2011","(566kb/s)"
"&nbsp; Life After Death: The Burden Of Proof","01-May-2010","(243kb/s)"
"&nbsp; Death Proof (2007) - DMZ","08-Dec-2009","(347kb/s)"
"&nbsp; Death Proof (2007)","16-Sep-2009","(151kb/s)"
"&nbsp; Death Proof (2007) DVDRip XviD-DMT","17-Apr-2009","(246kb/s)"
"Found 12 download results for Death Proof. Full version download with crack serial keygen.","Found 12 download results for Death Proof. Full version download with crack serial keygen.","Found 12 download results for Death Proof. Full version download with crack serial keygen."
