"species name","tropical","not tropical","comments"
"acacia acuminata","n/a","x","n/a"
"acacia adansonii","n/a","x","n/a"
"acacia aneura","n/a","x","n/a"
"acacia angico","n/a","x","n/a"
"acacia arabica","n/a","x","n/a"
"acacia bahamensis","n/a","x","n/a"
"acacia benthamii","n/a","x","n/a"
"acacia burkitii","n/a","x","n/a"
"acacia cambagei","n/a","x","n/a"
"acacia cebil","n/a","x","n/a"
"acacia coriacea","n/a","x","n/a"
"acacia daintreeana","n/a","x","n/a"
"acacia excelsa","n/a","x","n/a"
"acacia flava","x","n/a","n/a"
"acacia guachapele","x","n/a","n/a"
"acacia harpophylla","n/a","x","n/a"
"{acacia heterophylla|var.|latifolia}","n/a","x","n/a"
"acacia homalophylla","n/a","x","n/a"
"acacia kauaiensis","n/a","x","n/a"
"acacia koa","n/a","x","n/a"
"acacia latisiliqua","n/a","x","n/a"
"acacia lebbeck","n/a","x","n/a"
"acacia leucophylla","n/a","x","n/a"
"acacia macrophylla","n/a","x","n/a"
"acacia mangium","x","n/a","n/a"
"acacia melanoxylon","n/a","x","n/a"
"acacia microsperma","n/a","x","n/a"
"acacia nilotica","n/a","x","n/a"
"acacia omalophylla","n/a","x","n/a"
"acacia papyrocarpa","n/a","x","n/a"
"acacia pendula","n/a","x","n/a"
"acacia psilostachya","x","n/a","n/a"
"acacia salicina","n/a","x","n/a"
"acacia salix-tristis","n/a","x","n/a"
"acacia scorpioides","n/a","x","n/a"
"acacia sericophylla","n/a","x","n/a"
"acacia shirleyi","n/a","x","n/a"
"acacia sowdenii","n/a","x","n/a"
"acacia subalata","n/a","x","n/a"
"acacia tephrina","n/a","x","n/a"
"acacia varians","n/a","x","n/a"
"acacia vera","n/a","x","n/a"
"acacia xiphophylla","n/a","x","n/a"
"achantia altissima","x","n/a","n/a"
"achradelpha mammosa","n/a","x","n/a"
"achras mammosa","n/a","x","n/a"
"achras zapota","n/a","x","n/a"
"achras zapotilla","n/a","x","n/a"
"&#167; acinodendrontrichotomum","x","n/a","n/a"
"ackama australiensis","x","n/a","n/a"
"acosmium panamense","x","n/a","n/a"
"actinostrobus acuminatus","n/a","x","n/a"
"actinostrobus arenarius","n/a","x","n/a"
"actinostrobus pyramidalis","n/a","x","n/a"
"aextoxicon punctatum","n/a","x","n/a"
"afzelia attenuata","n/a","x","n/a"
"afzelia quanzensis","n/a","x","n/a"
"agathis australis","n/a","x","n/a"
"agathis borneensis","x","n/a","n/a"
"agathis macrophylla","x","n/a","n/a"
"agathis microstachya","x","n/a","n/a"
"agathis vitensis","x","n/a","n/a"
"albizia coriaria","x","n/a","n/a"
"albizia guachapele","x","n/a","n/a"
"albizia lebbeck","n/a","x","n/a"
"albizia longipedata","x","n/a","n/a"
"albizzia procera","n/a","x","n/a"
"alectryon oleifolius","n/a","x","n/a"
"alexa imperatricis","x","n/a","n/a"
"alexandra imperatricis","x","n/a","n/a"
"allocasuarina decussata","n/a","x","n/a"
"allocasuarina fraseriana","n/a","x","n/a"
"alsodeia paniculata","x","n/a","n/a"
"alstonia boonei","x","n/a","n/a"
"alstonia congensis","x","n/a","n/a"
"alstonia costulata","x","n/a","n/a"
"alstonia polyphylla","x","n/a","n/a"
"&#167; amanoacaribaea","x","n/a","n/a"
"amapa guianensis","x","n/a","n/a"
"amburana cearensis","x","n/a","n/a"
"amburana claudii","x","n/a","n/a"
"amerimnon latifolium","x","n/a","n/a"
"amerimnon pinnatum","x","n/a","n/a"
"amphimas pterocarpoides","x","n/a","n/a"
"anadenanthera colubrina","n/a","x","n/a"
"{anadenanthera colubrina|var.|cebil}","n/a","x","n/a"
"anadenanthera macrocarpa","n/a","x","n/a"
"andira amazonum","x","n/a","n/a"
"andira bracteosa","x","n/a","n/a"
"androstachys johnsonii","x","n/a","n/a"
"{aningueria|spp.}","x","n/a","n/a"
"{anisoptera|spp.}","x","n/a","n/a"
"anopyxis klaineana","x","n/a","n/a"
"anthonotha fragrans","x","n/a","n/a"
"antiaris africana","x","n/a","n/a"
"apeiba aspera","x","n/a","n/a"
"aphanocalyx heitzii","x","n/a","n/a"
"apuleia leiocarpa","n/a","x","n/a"
"araucaria heterophylla","n/a","x","n/a"
"aristoclesia esculenta","x","n/a","n/a"
"aspalathus ebenus","x","n/a","n/a"
"aspidosperma curranii","x","n/a","n/a"
"aspidosperma excelsum","x","n/a","n/a"
"aspidosperma peroba","n/a","x","n/a"
"aspidosperma polyneuron","n/a","x","n/a"
"aspidosperma quebracho","n/a","x","n/a"
"aspidosperma sandwithianum","x","n/a","n/a"
"aspidosperma tomentosum","n/a","x","n/a"
"astronium fraxinifolium","n/a","x","n/a"
"astronium gracile","n/a","x","n/a"
"astronium graveolens","x","n/a","n/a"
"astronium lecointei","x","n/a","n/a"
"astronium macrocalyx","x","n/a","n/a"
"atalaya hemiglauca","n/a","x","n/a"
"aucoumea klaineana","x","n/a","n/a"
"austrocedrus chilensis","n/a","x","n/a"
"autranella congolensis","x","n/a","n/a"
"aydendron cannella","x","n/a","n/a"
"bagassa guianensis","x","n/a","n/a"
"bagassa tiliaefolia","x","n/a","n/a"
"baikiaea plurijuga","x","n/a","n/a"
"baillonella heckelii","x","n/a","n/a"
"baillonella toxisperma","x","n/a","n/a"
"balfourodendron riedelianum","n/a","x","n/a"
"banksia grandis","n/a","x","n/a"
"banksia seminuda","n/a","x","n/a"
"bassia djave","x","n/a","n/a"
"belis lanceolata","n/a","x","n/a"
"berchemia zeyheri","n/a","x","n/a"
"berlinia acuminata","x","n/a","n/a"
"berlinia confusa","x","n/a","n/a"
"berlinia ledermannii","x","n/a","n/a"
"bertholletia excelsa","x","n/a","n/a"
"betchea australiensis","x","n/a","n/a"
"bignonia heptaphylla","n/a","x","n/a"
"bignonia longissima","x","n/a","n/a"
"bignonia serratifolia","n/a","x","n/a"
"bombacopsis quinata","x","n/a","n/a"
"bombax aquaticum","n/a","x","n/a"
"bombax buonopozense","x","n/a","n/a"
"bombax macrocarpum","n/a","x","n/a"
"bombax pyramidale","n/a","x","n/a"
"bombax quinatum","x","n/a","n/a"
"bontia mitchellii","n/a","x","n/a"
"borassus flabellifer","n/a","x","n/a"
"bowdichia guianensis","x","n/a","n/a"
"bowdichia nitida","x","n/a","n/a"
"bowdichia virgilioides","x","n/a","n/a"
"brachylaena hutchinsii","x","n/a","n/a"
"brachystegia cynometroides","n/a","x","n/a"
"brachystegia leonensis","x","n/a","n/a"
"brasilettia blasiana","n/a","x","n/a"
"breonadia microcephala","n/a","x","n/a"
"brosimum acutifolium","x","n/a","n/a"
"brosimum alicastrum","x","n/a","n/a"
"brosimum aubletii","x","n/a","n/a"
"brosimum guianense","x","n/a","n/a"
"brosimum paraense","x","n/a","n/a"
"brosimum rubescens","x","n/a","n/a"
"brosimum utile","x","n/a","n/a"
"brya ebenus","x","n/a","n/a"
"bucida buceras","n/a","x","n/a"
"bursera graveolens","x","n/a","n/a"
"bursera simaruba","n/a","x","n/a"
"&#167; byrsonimamartinicensis","x","n/a","n/a"
"&#167; byrsonimatrinitensis","x","n/a","n/a"
"cadellia pentastylis","n/a","x","n/a"
"caesalpinia blasiana","n/a","x","n/a"
"caesalpinia echinata","x","n/a","n/a"
"caesalpinia ferrea","n/a","x","n/a"
"caesalpinia platyloba","n/a","x","n/a"
"caesalpinia sclerocarpa","n/a","x","n/a"
"caldcluvia australiensis","x","n/a","n/a"
"callitris glauca","n/a","x","n/a"
"callitris glaucophylla","n/a","x","n/a"
"callitris huegelii","n/a","x","n/a"
"callitris rhomboidea","n/a","x","n/a"
"calocarpum mammosum","n/a","x","n/a"
"calophyllum brasiliense","x","n/a","n/a"
"calophyllum inophyllum","n/a","x","n/a"
"calophyllum neo-ebudicum","x","n/a","n/a"
"calophyllum vitiense","x","n/a","n/a"
"calycophyllum candidissimum","x","n/a","n/a"
"calycophyllum multiflorum","n/a","x","n/a"
"calycophyllum spruceanum","x","n/a","n/a"
"campnosperma panamense","x","n/a","n/a"
"campnosperma panamensis","x","n/a","n/a"
"&#167; canangacaribaea","x","n/a","n/a"
"canarium schweinfurthii","x","n/a","n/a"
"canarium vanikoroense","x","n/a","n/a"
"canarium vitiense","n/a","x","n/a"
"carapa guianensis","x","n/a","n/a"
"carapa latifolia","x","n/a","n/a"
"carapa macrocarpa","x","n/a","n/a"
"carapa nicaraguensis","x","n/a","n/a"
"carapa procera","x","n/a","n/a"
"carapa slateri","x","n/a","n/a"
"carapa surinamensis","x","n/a","n/a"
"carapa touloucouna","x","n/a","n/a"
"cardwellia sublimis","x","n/a","n/a"
"cariniana clavata","x","n/a","n/a"
"cariniana exigua","x","n/a","n/a"
"cariniana pyriformis","x","n/a","n/a"
"carolinea macrocarpa","n/a","x","n/a"
"caryocar villosum","x","n/a","n/a"
"cassia parahyba","n/a","x","n/a"
"cassia siamea","n/a","x","n/a"
"castanospermum australe","n/a","x","n/a"
"castilla costaricana","n/a","x","n/a"
"castilla elastica","n/a","x","n/a"
"castilla lactiflua","n/a","x","n/a"
"castilla nicoyensis","n/a","x","n/a"
"castilla panamensis","n/a","x","n/a"
"casuarina cambagei","n/a","x","n/a"
"casuarina cristata","n/a","x","n/a"
"casuarina decussata","n/a","x","n/a"
"casuarina fraseriana","n/a","x","n/a"
"casuarina lepidophloia","n/a","x","n/a"
"casuarina pauper","n/a","x","n/a"
"catalpa longissima","x","n/a","n/a"
"catostemma fragrans","x","n/a","n/a"
"cavanillea philippensis","x","n/a","n/a"
"&#167; cecropiaantillarum","x","n/a","n/a"
"cecropia peltata","n/a","x","n/a"
"&#167; cecropiaschreberiana","x","n/a","n/a"
"cedrela fissilis","n/a","x","n/a"
"cedrela glaziovii","n/a","x","cites"
"cedrela mexicana","n/a","x","cites"
"cedrela odorata","n/a","x","cites"
"cedrela sinensis","n/a","x","n/a"
"cedrela toona","n/a","x","n/a"
"cedrela velutina","n/a","x","n/a"
"cedrelinga catenaeformis","x","n/a","n/a"
"cedrelinga cateniformis","x","n/a","n/a"
"cedrus brevifolia","n/a","x","n/a"
"cedrus libanensis","n/a","x","n/a"
"cedrus libani","n/a","x","n/a"
"cedrus libanitica subsp. stenocoma","n/a","x","n/a"
"cedrus libanotica","n/a","x","n/a"
"ceiba pentandra","n/a","x","n/a"
"celtis franksiae","n/a","x","n/a"
"celtis guineensis","n/a","x","n/a"
"celtis mildbraedii","n/a","x","n/a"
"celtis orientalis","n/a","x","n/a"
"celtis soyauxii","n/a","x","n/a"
"celtis usambarensis","n/a","x","n/a"
"celtis zenkeri","x","n/a","n/a"
"{centrolobium|spp.}","x","n/a","n/a"
"ceratopetalum succirubrum","x","n/a","n/a"
"chaemacyparis thyoides","n/a","x","n/a"
"chimarrhis hookeri","x","n/a","n/a"
"chlorocardium rodiei","x","n/a","n/a"
"chlorocardium venenosum","x","n/a","n/a"
"chloroleucon tortum","x","n/a","n/a"
"chlorophora excelsa","x","n/a","n/a"
"chlorophora regia","x","n/a","n/a"
"chlorophora tinctoria","n/a","x","n/a"
"chloroxylon swietenia","x","n/a","n/a"
"chuncoa amazonia","x","n/a","n/a"
"cinnamomum camphora","n/a","x","n/a"
"cinnamomum oliveri","n/a","x","n/a"
"cinnamomum virens","n/a","x","n/a"
"cistanthera papaverifera","x","n/a","n/a"
"citrus acida","n/a","x","n/a"
"citrus amara","n/a","x","n/a"
"citrus aurantiifolia","n/a","x","n/a"
"citrus aurantium","n/a","x","n/a"
"citrus bigarradia","n/a","x","n/a"
"citrus lima","n/a","x","n/a"
"citrus vulgaris","n/a","x","n/a"
"clathrotropis brachypetala","x","n/a","n/a"
"clathrotropis macrocarpa","x","n/a","n/a"
"cocos nucifera","n/a","x","n/a"
"colophospermum mopane","n/a","x","n/a"
"combretodendron macrocarpum","x","n/a","n/a"
"combretum imberbe","n/a","x","n/a"
"combretum macrocarpum","x","n/a","n/a"
"copaiba arnoldiana","x","n/a","n/a"
"copaiba hymenaeifolia","n/a","x","n/a"
"copaifera arnoldiana","x","n/a","n/a"
"copaifera aromatica","x","n/a","n/a"
"copaifera chodatiana","n/a","x","n/a"
"copaifera demeusei","x","n/a","n/a"
"copaifera ehie","x","n/a","n/a"
"copaifera hymenaeifolia","n/a","x","n/a"
"copaifera langsdorffii","n/a","x","n/a"
"copaifera officinalis","x","n/a","n/a"
"copaifera palustris","x","n/a","n/a"
"copaifera salikounda","x","n/a","n/a"
"copaifera tessmannii","x","n/a","n/a"
"&#167; cordiaabyssinica","n/a","x","n/a"
"&#167; cordiaafricana","n/a","x","n/a"
"&#167; cordiaholstii","n/a","x","n/a"
"cordyline terminalis","x","n/a","n/a"
"cornus controversa","n/a","x","n/a"
"corymbia calophylla","n/a","x","n/a"
"corymbia maculata","n/a","x","n/a"
"{corynanthe|spp.}","x","n/a","n/a"
"cosmocalyx spectabilis","n/a","x","n/a"
"couma macrocarpa","x","n/a","n/a"
"coumarouna micrantha","x","n/a","n/a"
"coumarouna panamensis","x","n/a","cites"
"coumarouna punctata","x","n/a","n/a"
"coumarouna trifoliolata","x","n/a","n/a"
"{couratari|spp.}","x","n/a","n/a"
"cryptocarya camphorata","n/a","x","n/a"
"cryptocarya glaucescens","n/a","x","n/a"
"cryptomeria fortunei","n/a","x","n/a"
"cryptomeria japonica","n/a","x","n/a"
"cunninghamia lanceolata","n/a","x","n/a"
"cunninghamia konishii","n/a","x","n/a"
"cupressus japonica","n/a","x","n/a"
"cyanothyrsus ogea","x","n/a","n/a"
"cybistax donnell-smithii","n/a","x","n/a"
"cylicodiscus gabunensis","x","n/a","n/a"
"cymbosepalum baronii","n/a","x","n/a"
"cynometra ananta","x","n/a","n/a"
"dacridium nausoriense","x","n/a","n/a"
"dacrydium cupressinum","n/a","x","n/a"
"dacrydium franklinii","n/a","x","n/a"
"dacrydium nidulum","x","n/a","n/a"
"&#167; dacryodesexcelsa","x","n/a","n/a"
"&#167; dalbergialatifolia","n/a","x","n/a"
"dammara australis","n/a","x","n/a"
"daniellia ogea","x","n/a","n/a"
"daniellia thurifera","x","n/a","n/a"
"decussocarpus vitiensis","x","n/a","n/a"
"dendrocalamus asper","n/a","x","n/a"
"detarium heudelotianum","x","n/a","n/a"
"detarium senegalense","x","n/a","n/a"
"dialium guianense","x","n/a","n/a"
"{dialyanthera|spp.}","x","n/a","under review"
"dibrachion guianense","x","n/a","n/a"
"dicorynia guianensis","x","n/a","n/a"
"dicorynia paraensis","x","n/a","n/a"
"didelotia africana","x","n/a","n/a"
"didymopanax morototoni","n/a","x","n/a"
"dimorpha falcata","x","n/a","n/a"
"dimorphandra excelsa","x","n/a","n/a"
"dimorphandra gonggrijpii","x","n/a","n/a"
"dimorphandra mora","x","n/a","n/a"
"dinizia excelsa","x","n/a","n/a"
"diospyros celebica","x","n/a","n/a"
"diospyros crassiflora","x","n/a","n/a"
"diospyros discolor","x","n/a","n/a"
"diospyros ebenum","n/a","x","n/a"
"diospyros embryopteris","n/a","x","n/a"
"diospyros ferrea","x","n/a","under review"
"diospyros macassar","x","n/a","n/a"
"diospyros mespiliformis","n/a","x","n/a"
"diospyros mun","x","n/a","n/a"
"diospyros peregrina","n/a","x","n/a"
"diospyros perrieri","x","n/a","n/a"
"diospyros philippensis","x","n/a","n/a"
"diospyros rumphii","x","n/a","n/a"
"diospyros sabiensis","n/a","x","n/a"
"diospyros senegalensis","n/a","x","n/a"
"diospyros utilis","x","n/a","n/a"
"diplotropis guianensis","x","n/a","n/a"
"diplotropis purpurea","x","n/a","n/a"
"{dipterocarpus|spp.}","x","n/a","under review"
"dipteryx micrantha","x","n/a","n/a"
"dipteryx odorata","x","n/a","n/a"
"dipteryx oleifera","x","n/a","cites"
"dipteryx panamensis","x","n/a","cites"
"dipteryx punctata","x","n/a","n/a"
"dipteryx trifoliolata","x","n/a","n/a"
"distemonanthus benthamianus","x","n/a","n/a"
"dodonaea angustifolia","n/a","x","n/a"
"{dodonaea viscosa|var.|angustifolia}","n/a","x","n/a"
"dracaena terminalis","x","n/a","n/a"
"dracontomelon dao","n/a","x","n/a"
"dracontomelon edule","n/a","x","n/a"
"dracontomelon mangiferum","n/a","x","n/a"
"dracontomelon puberulum","n/a","x","n/a"
"dracontomelon sylvestre","n/a","x","n/a"
"drimys winteri","n/a","x","n/a"
"{dryobalanops|spp.}","x","n/a","under review"
"dumoria heckelii","x","n/a","n/a"
"{durio|spp.}","x","n/a","n/a"
"dyera costulata","x","n/a","n/a"
"dyera laxiflora","x","n/a","n/a"
"dyera lowii","x","n/a","n/a"
"dyera polyphylla","x","n/a","n/a"
"elaeis guineensis","n/a","x","n/a"
"{elaeis guineensis|var.|madagascariensis}","n/a","x","n/a"
"elaeis madagascariensis","n/a","x","n/a"
"elaeis melanococca","n/a","x","n/a"
"elaeodendron maculosum","n/a","x","n/a"
"elaphrium graveolens","x","n/a","n/a"
"elaphrium simaruba","n/a","x","n/a"
"elmerillia papuana","x","n/a","n/a"
"embuia","n/a","x","n/a"
"endiandra palmerstonii","n/a","x","n/a"
"endlicheria grandis","x","n/a","n/a"
"&#167; endlicheriasericea","x","n/a","n/a"
"endospermum macrophyllum","x","n/a","n/a"
"entandrophragma angolense","x","n/a","n/a"
"entandrophragma candollei","x","n/a","n/a"
"entandrophragma congoense","x","n/a","n/a"
"entandrophragma cylindricum","x","n/a","n/a"
"entandrophragma excelsum","x","n/a","n/a"
"entandrophragma utile","x","n/a","n/a"
"enterolobium cyclocarpum","x","n/a","n/a"
"enterolobium schomburgkii","x","n/a","n/a"
"eperua falcata","x","n/a","n/a"
"eremophila mitchellii","n/a","x","n/a"
"eribroma oblonga","x","n/a","n/a"
"erica arborea","n/a","x","n/a"
"erisma pulverulentum","x","n/a","n/a"
"erisma uncinatum","x","n/a","n/a"
"erythrina abyssinica","x","n/a","n/a"
"erythrina caffra","n/a","x","n/a"
"erythrina corallodendron","n/a","x","n/a"
"erythrina crista-galli","n/a","x","n/a"
"erythrina indica","n/a","x","n/a"
"erythrina piscipula","n/a","x","n/a"
"erythrina variegata","n/a","x","n/a"
"erythrina vespertilio","n/a","x","n/a"
"erythrophleum ivorense","x","n/a","n/a"
"erythrophleum suaveolens","x","n/a","n/a"
"erythroxylum areolatum","x","n/a","n/a"
"eschweilera laevifolia","x","n/a","n/a"
"eschweilera subglandulosa","x","n/a","n/a"
"eucalyptus andrewsii","n/a","x","n/a"
"eucalyptus astringens","n/a","x","n/a"
"eucalyptus bicostata","n/a","x","n/a"
"eucalyptus botryoides","n/a","x","n/a"
"eucalyptus calophylla","n/a","x","n/a"
"eucalyptus camaldulensis","n/a","x","n/a"
"eucalyptus clelandii","n/a","x","n/a"
"eucalyptus coolabah","n/a","x","n/a"
"eucalyptus deglupta","n/a","x","n/a"
"eucalyptus delegatensis","n/a","x","n/a"
"eucalyptus diversicolor","n/a","x","n/a"
"eucalyptus dumosa","n/a","x","n/a"
"eucalyptus dundasii","n/a","x","n/a"
"eucalyptus fibrosa","n/a","x","n/a"
"eucalyptus flocktoniae","n/a","x","n/a"
"eucalyptus gigantea","n/a","x","n/a"
"eucalyptus globulus","n/a","x","n/a"
"eucalyptus gomphocephala","n/a","x","n/a"
"eucalyptus grandis","n/a","x","n/a"
"eucalyptus guilfoylei","n/a","x","n/a"
"eucalyptus gunnii","n/a","x","n/a"
"eucalyptus intertexta","n/a","x","n/a"
"eucalyptus lesouefii","n/a","x","n/a"
"eucalyptus longicornis","n/a","x","n/a"
"eucalyptus longirostris","n/a","x","n/a"
"eucalyptus loxophleba","n/a","x","n/a"
"eucalyptus maculata","n/a","x","n/a"
"eucalyptus maidenii","n/a","x","n/a"
"eucalyptus marginata","n/a","x","n/a"
"eucalyptus melanoxylon","n/a","x","n/a"
"eucalyptus melliodora","n/a","x","n/a"
"eucalyptus microtheca","n/a","x","n/a"
"eucalyptus multiflora","n/a","x","n/a"
"eucalyptus nitens","n/a","x","n/a"
"eucalyptus nubila","n/a","x","n/a"
"eucalyptus obliqua","n/a","x","n/a"
"eucalyptus patens","n/a","x","n/a"
"eucalyptus pilularis","n/a","x","n/a"
"eucalyptus populifolia","n/a","x","n/a"
"eucalyptus populnea","n/a","x","n/a"
"eucalyptus pseudoglobulus","n/a","x","n/a"
"eucalyptus regnans","n/a","x","n/a"
"eucalyptus rostrata","n/a","x","n/a"
"eucalyptus rudis","n/a","x","n/a"
"eucalyptus saint-johnii","n/a","x","n/a"
"eucalyptus salicola","n/a","x","n/a"
"eucalyptus saligna","n/a","x","n/a"
"eucalyptus salmonophloia","n/a","x","n/a"
"eucalyptus salubris","n/a","x","n/a"
"eucalyptus transcontinentalis","n/a","x","n/a"
"eucalyptus urophylla","x","n/a","n/a"
"eucarya spicata","n/a","x","n/a"
"eucommia ulmoides","n/a","x","n/a"
"eucryphia cordifolia","n/a","x","n/a"
"euphorbia pinnata","x","n/a","n/a"
"euplassa pinnata","x","n/a","n/a"
"euxlophora paraensis","x","n/a","n/a"
"fagara heitzii","x","n/a","n/a"
"fagara macrophylla","x","n/a","n/a"
"fagraea gracilipes","x","n/a","n/a"
"fagus moesiaca","n/a","x","n/a"
"fagus orientalis","n/a","x","n/a"
"fagus pumilio","n/a","x","n/a"
"fagus sylvatica","n/a","x","n/a"
"&#167; farameaoccidentalis","x","n/a","n/a"
"feuilleea incurialis","n/a","x","n/a"
"feuilleea lebbeck","n/a","x","n/a"
"fitzroya cupressoides","n/a","x","n/a"
"flindersia bourjotiana","x","n/a","n/a"
"flindersia brayleyana","n/a","x","n/a"
"flindersia laevicarpa","x","n/a","n/a"
"flindersia maculosa","n/a","x","n/a"
"flindersia pimenteliana","x","n/a","n/a"
"flindersia schottiana","n/a","x","n/a"
"&#167; fothergillaguianensis","x","n/a","n/a"
"&#167; fothergillamirabilis","x","n/a","n/a"
"fusanus spicatus","n/a","x","n/a"
"gambeya lacourtiana","x","n/a","n/a"
"ganophyllum giganteum","x","n/a","n/a"
"garcinia myrtifolia","x","n/a","n/a"
"garretia anthotheca","x","n/a","n/a"
"geijera parviflora","n/a","x","n/a"
"geissospermum sericeum","x","n/a","n/a"
"genipa americana","x","n/a","n/a"
"gilbertiodendron dewevrei","x","n/a","n/a"
"gluta elegans","x","n/a","n/a"
"gluta papuana","x","n/a","n/a"
"gmelina arborea","n/a","x","n/a"
"gmelina vitiensis","x","n/a","n/a"
"{gonystylus|spp.}","x","n/a","under review"
"gossweilerodendron balsamiferum","x","n/a","n/a"
"goupia glabra","x","n/a","n/a"
"goupia paraensis","x","n/a","n/a"
"granatum guianense","x","n/a","n/a"
"granatum nicaraguense","x","n/a","n/a"
"granatum surinamensis","x","n/a","n/a"
"grevillea robusta","n/a","x","n/a"
"grevillea striata","n/a","x","n/a"
"guaiacum bijugum","n/a","x","n/a"
"guaiacum guatemalense","n/a","x","n/a"
"guaiacum multijugum","n/a","x","n/a"
"guaiacum officinale","n/a","x","n/a"
"guaiacum sanctum","n/a","x","n/a"
"guaiacum sloanei","n/a","x","n/a"
"guaiacum verticale","n/a","x","n/a"
"guajacum officinale","n/a","x","n/a"
"guajacum sanctum","n/a","x","n/a"
"guarea cedrata","x","n/a","n/a"
"guarea mucronulata","x","n/a","n/a"
"{guarea|spp.}","x","n/a","under review"
"guarea thompsonii","x","n/a","n/a"
"&#167; guatteriacaribaea","x","n/a","n/a"
"guazuma ulmifolia","n/a","x","n/a"
"guibourtia arnoldiana","x","n/a","n/a"
"guibourtia chodatiana","n/a","x","n/a"
"guibourtia demeusei","x","n/a","n/a"
"guibourtia ehie","x","n/a","n/a"
"guibourtia hymenaefolia","n/a","x","n/a"
"guibourtia tessmannii","x","n/a","n/a"
"guilandina echinata","n/a","x","n/a"
"haematoxylon campechianum","n/a","x","n/a"
"haematoxylum campechianum","n/a","x","n/a"
"hallea stipulosa","x","n/a","n/a"
"hampea appendiculata","x","n/a","n/a"
"hannoa klaineana","x","n/a","n/a"
"{heritiera|spp.}","x","n/a","under review"
"heritiera utilis","x","n/a","n/a"
"heterodendrum oleifolium","n/a","x","n/a"
"heterodendrum oleifolium","n/a","x","n/a"
"hevea brasiliensis","n/a","x","n/a"
"hibiscus populneus","n/a","x","n/a"
"hieronyma alchorneoides","n/a","x","n/a"
"hieronyma chocoensis","n/a","x","n/a"
"&#167; hippomaneglandulosa","n/a","x","n/a"
"holoptelea grandis","x","n/a","n/a"
"hopea iriana","x","n/a","n/a"
"hopea papuana","x","n/a","n/a"
"humiria balsamifera","x","n/a","n/a"
"hura crepitans","x","n/a","n/a"
"hyeronima alchorneoides","n/a","x","n/a"
"hyeronima chocoensis","n/a","x","n/a"
"hyeronima laxiflora","x","n/a","n/a"
"hymenaea courbaril","x","n/a","n/a"
"hymenaea davisii","x","n/a","n/a"
"hymenaea oblongifolia","x","n/a","n/a"
"{hymenolobium|spp.}","x","n/a","n/a"
"ichthyomethia acuminata","x","n/a","n/a"
"ichthyomethia americana","x","n/a","n/a"
"ichthyomethia piscipula","n/a","x","n/a"
"{ichthyomethia piscipula|var.|acuminata}","x","n/a","n/a"
"inga dulcis","n/a","x","n/a"
"&#167; inga ingoides","x","n/a","n/a"
"inga pubescens","x","n/a","n/a"
"intsia bakeri","x","n/a","n/a"
"intsia bijuga","n/a","x","n/a"
"intsia palembanica","x","n/a","n/a"
"intsia quanzensis","n/a","x","n/a"
"intsia retusa","x","n/a","n/a"
"irina tomentosa","x","n/a","n/a"
"&#167; ixoraoccidentalis","x","n/a","n/a"
"jacaranda copaia","n/a","x","n/a"
"jacaranda mimosifolia","n/a","x","n/a"
"juglans columbiensis","n/a","x","n/a"
"juglans duclouxiana","n/a","x","n/a"
"juglans fallax","n/a","x","n/a"
"juglans honorei","n/a","x","n/a"
"juglans kamaonica","n/a","x","n/a"
"juglans neotropica","n/a","x","n/a"
"juglans nigra","n/a","x","n/a"
"juglans orientalis","n/a","x","n/a"
"juglans regia","n/a","x","n/a"
"juglans sinensis","n/a","x","n/a"
"julbernardia ogoouensis","x","n/a","n/a"
"julbernardia pellegriniana","x","n/a","n/a"
"julbernardia seretii","x","n/a","n/a"
"juniperus bermudiana","n/a","x","n/a"
"khaya anthotheca","x","n/a","n/a"
"khaya grandifoliola","x","n/a","n/a"
"khaya ivorensis","x","n/a","n/a"
"khaya nyasica","x","n/a","n/a"
"khaya senegalensis","x","n/a","n/a"
"koompassia malaccensis","x","n/a","n/a"
"koompassia excelsa","x","n/a","n/a"
"lagerstroemia indica","n/a","x","n/a"
"lannea welwitschii","x","n/a","n/a"
"laurelia philippiana","n/a","x","n/a"
"laurelia sempervirens","n/a","x","n/a"
"laurus aestivalis","n/a","x","n/a"
"laurus leucoxylon","n/a","x","n/a"
"laurus persea","n/a","x","n/a"
"laurus reticulata","n/a","x","n/a"
"lecythis couratari","x","n/a","n/a"
"lecythis davisii","x","n/a","n/a"
"lecythis laevifolia","x","n/a","n/a"
"lecythis subglandulosa","x","n/a","n/a"
"lecythis zabucaja","x","n/a","n/a"
"leucaena latisiliqua","n/a","x","n/a"
"leucochloron incuriale","n/a","x","n/a"
"libidibia sclerocarpa","n/a","x","n/a"
"libocedrus chilensis","n/a","x","n/a"
"licania benthamii","x","n/a","n/a"
"licania biglandulosa","x","n/a","n/a"
"licania costata","x","n/a","n/a"
"licania glabra","x","n/a","n/a"
"licania heteromorpha","x","n/a","n/a"
"licania macrophylla","x","n/a","n/a"
"licania prismatocarpa","x","n/a","n/a"
"licania sparsipilis","x","n/a","n/a"
"licania subcordata","x","n/a","n/a"
"&#167; licaniaternatensis","x","n/a","n/a"
"licaria cannella","x","n/a","n/a"
"lingoum santalinum","n/a","x","cites"
"limonia aurantiifolia","n/a","x","n/a"
"lonchocarpus castilloi","x","n/a","n/a"
"lonchocarpus guaricensis","x","n/a","n/a"
"lophira alata","x","n/a","n/a"
"lophira procera","x","n/a","n/a"
"lophostemon confertus","n/a","x","n/a"
"lovoa trichilioides","x","n/a","n/a"
"loxopterygium lorentzii","n/a","x","n/a"
"lucuma campechiana","n/a","x","n/a"
"lucuma mammosa","n/a","x","n/a"
"lucuma nervosa","n/a","x","n/a"
"lucuma rivicoa","n/a","x","n/a"
"lucuma salicifolia","n/a","x","n/a"
"luehea seemanii","x","n/a","n/a"
"lysiloma bahamense","n/a","x","n/a"
"lysiloma latisiliquum","n/a","x","n/a"
"macarisia klaineana","x","n/a","n/a"
"machaerium scleroxylon","n/a","x","n/a"
"machaerium tipu","n/a","x","n/a"
"machaerium villosum","n/a","x","n/a"
"maclura tinctoria","n/a","x","n/a"
"macrolobium chrysophylloides","x","n/a","n/a"
"macrolobium fragrans","x","n/a","n/a"
"macrolobium pendulum","x","n/a","n/a"
"macrolobium racemigerum","x","n/a","n/a"
"maesopsis eminii","x","n/a","n/a"
"mammea africana","x","n/a","n/a"
"mangifera indica","n/a","x","n/a"
"manilkara achras","n/a","x","n/a"
"manilkara bidentata","x","n/a","n/a"
"manilkara chicle","x","n/a","n/a"
"manilkara huberi","x","n/a","n/a"
"manilkara surinamensis","x","n/a","n/a"
"manilkara zapota","n/a","x","n/a"
"manilkara zapotilla","n/a","x","n/a"
"mansonia altissima","x","n/a","n/a"
"martiodendron parviflorum","x","n/a","n/a"
"martiusia parviflora","x","n/a","n/a"
"melanoxylon brauna","x","n/a","n/a"
"&#167; melastomatrichotomum","x","n/a","n/a"
"melia americana","n/a","x","n/a"
"melicocca oliviformis","x","n/a","n/a"
"metasequoia glyptostroboides","n/a","x","n/a"
"metopium browneii","x","n/a","n/a"
"mezilaurus itauba","x","n/a","n/a"
"&#167; miconiaguianensis","x","n/a","n/a"
"&#167; miconiamirabilis","x","n/a","n/a"
"&#167; miconiatrichotoma","x","n/a","n/a"
"{microberlinia|spp.}","x","n/a","n/a"
"micropholis melinoniana","x","n/a","n/a"
"micropholis mexicana","x","n/a","n/a"
"micropholius gardnerianum","x","n/a","n/a"
"mildbraediodendron excelsum","x","n/a","n/a"
"milicia excelsa","x","n/a","n/a"
"milicia regia","x","n/a","n/a"
"millettia laurentii","x","n/a","n/a"
"millettia stuhlmannii","n/a","x","n/a"
"mimosa adstringens","n/a","x","n/a"
"mimosa arabica","n/a","x","n/a"
"mimosa buceragenia","x","n/a","n/a"
"mimosa dulcis","n/a","x","n/a"
"mimosa incurialis","n/a","x","n/a"
"&#167; mimosaingoides","x","n/a","n/a"
"mimosa latisiliqua","n/a","x","n/a"
"mimosa lebbeck","n/a","x","n/a"
"mimosa nilotica","n/a","x","n/a"
"mimosa rosea","x","n/a","n/a"
"mimosa scorpioides","n/a","x","n/a"
"mimosa sirissa","n/a","x","n/a"
"mimosa speciosa","n/a","x","n/a"
"mimosa wilsonii","x","n/a","n/a"
"mimusops djave","x","n/a","n/a"
"mimusops heckelii","x","n/a","n/a"
"mimusops huberi","x","n/a","n/a"
"mitragyna stipulosa","x","n/a","n/a"
"monopetalanthus heitzii","x","n/a","n/a"
"mora excelsa","x","n/a","n/a"
"mora gonggrijpii","x","n/a","n/a"
"{moringa|spp.}","n/a","x","n/a"
"moronobea esculenta","x","n/a","n/a"
"morus excelsa","x","n/a","n/a"
"{morus|spp.}","n/a","x","n/a"
"morus tinctoria","n/a","x","n/a"
"myristica castaneifolia","x","n/a","n/a"
"myristica chartacea","x","n/a","n/a"
"myristica fragrans","n/a","x","n/a"
"myristica gillespieana","x","n/a","n/a"
"myristica officinalis","n/a","x","n/a"
"myrocarpus fastigiatus","x","n/a","n/a"
"myrocarpus frondosus","n/a","x","n/a"
"myrospermum pereirae","n/a","x","n/a"
"myroxylon balsamum","n/a","x","n/a"
"myroxylon pereirae","n/a","x","n/a"
"myrtus dioica","n/a","x","n/a"
"myrtus pimenta","n/a","x","n/a"
"nageia vitiensis","x","n/a","n/a"
"nauclea diderrichii","x","n/a","n/a"
"nauclea stipulosa","x","n/a","n/a"
"nectandra elaiophora","x","n/a","n/a"
"nectandra grandis","x","n/a","n/a"
"nectandra mollis","n/a","x","n/a"
"nectandra pittieri","n/a","x","n/a"
"nectandra reticulata","n/a","x","n/a"
"nectandra rodiei","x","n/a","n/a"
"nectandra villosa","n/a","x","n/a"
"neorites kevediana","x","n/a","n/a"
"nephelium oleifolium","n/a","x","n/a"
"nesogordonia papaverifera","x","n/a","n/a"
"newtonia psilostachya","x","n/a","n/a"
"newtonia suaveolens","x","n/a","n/a"
"nothofagus betuloides","n/a","x","n/a"
"nothofagus cunninghamii","n/a","x","n/a"
"nothofagus pumilio","n/a","x","n/a"
"ochroma bicolor","n/a","x","n/a"
"ochroma concolor","n/a","x","n/a"
"ochroma lagopus","n/a","x","n/a"
"ochroma obtusum","n/a","x","n/a"
"ochroma pyramidale","n/a","x","n/a"
"ocotea cymbarum","x","n/a","n/a"
"ocotea glomerata","x","n/a","n/a"
"ocotea lenticellata","n/a","x","n/a"
"ocotea leucoxylon","n/a","x","n/a"
"ocotea mollis","n/a","x","n/a"
"ocotea porosa","n/a","x","n/a"
"ocotea rodiei","x","n/a","n/a"
"ocotea rubra","x","n/a","n/a"
"ocotea subsericea","n/a","x","n/a"
"ocotea venenosa","x","n/a","n/a"
"octomeles moluccana","x","n/a","n/a"
"octomeles sumatrana","x","n/a","n/a"
"octomeles sumatranum","x","n/a","n/a"
"oenocarpus bataua","x","n/a","n/a"
"olea africana","n/a","x","n/a"
"olea capensis","n/a","x","n/a"
"olea chrysophylla","n/a","x","n/a"
"olea cuspidata","n/a","x","n/a"
"olea europaea","n/a","x","n/a"
"olea ferruginea","n/a","x","n/a"
"olea maroccana","n/a","x","n/a"
"olea oleaster","n/a","x","n/a"
"{olea sativa|var.|verrucosa}","n/a","x","n/a"
"olea sylvestris","n/a","x","n/a"
"olea verrucosa","n/a","x","n/a"
"olneya tesota","n/a","x","n/a"
"oreodaphne glomerata","x","n/a","n/a"
"oreodaphne porosa","n/a","x","n/a"
"ormosia dasycarpa","x","n/a","n/a"
"ormosia macrocalyx","n/a","x","n/a"
"ormosia monosperma","x","n/a","n/a"
"ormosia nobilis","n/a","x","n/a"
"ormosia pacimonensis","x","n/a","n/a"
"oxystigma oxyphyllum","x","n/a","n/a"
"pachira aquatica","n/a","x","n/a"
"pachira macrocarpa","n/a","x","n/a"
"pachira quinata","x","n/a","n/a"
"pahudia attenuata","n/a","x","n/a"
"pahudia quanzensis","n/a","x","n/a"
"{palaquium|spp.}","x","n/a","under review"
"panax morototoni","n/a","x","n/a"
"panzera falcata","x","n/a","n/a"
"paraberlinia bifoliolata","x","n/a","n/a"
"parahancornia amapa","x","n/a","n/a"
"parapiptadenia rigida","n/a","x","n/a"
"{paraserianthes|spp.}","x","n/a","under review"
"{parashorea|spp.}","x","n/a","under review"
"parinari excelsa","x","n/a","n/a"
"{peltogyne|spp.}","x","n/a","n/a"
"pentaptera tomentosa","n/a","x","n/a"
"pericopsis elata","x","n/a","cites"
"persea americana","n/a","x","n/a"
"persea drymifolia","n/a","x","n/a"
"persea floccosa","n/a","x","n/a"
"persea gigantea","n/a","x","n/a"
"persea gratissima","n/a","x","n/a"
"persea incana","n/a","x","n/a"
"persea leiogyna","n/a","x","n/a"
"persea lingue","n/a","x","n/a"
"persea mollis","n/a","x","n/a"
"persea nubigena","n/a","x","n/a"
"persea perglauca","n/a","x","n/a"
"persea persea","n/a","x","n/a"
"persea steyermarkii","n/a","x","n/a"
"persea tolimanensis","n/a","x","n/a"
"persea zentmyeri","n/a","x","n/a"
"persoonia guareoides","x","n/a","n/a"
"petersia africana","x","n/a","n/a"
"petersianthus macrocarpus","x","n/a","n/a"
"phoebe porosa","n/a","x","n/a"
"pholidia mitchellii","n/a","x","n/a"
"phyllostachys","n/a","x","n/a"
"phytelephas macrocarpa","x","n/a","n/a"
"pilgerodendron uviferum","n/a","x","n/a"
"pimenta dioica","n/a","x","n/a"
"pimenta officinalis","n/a","x","n/a"
"pimenta pimenta","n/a","x","n/a"
"pimenta vulgaris","n/a","x","n/a"
"pinus caribaea","n/a","x","n/a"
"pinus koraiensis","n/a","x","n/a"
"pinus lanceolata","n/a","x","n/a"
"pinus radiata","n/a","x","n/a"
"piptadenia africana","x","n/a","n/a"
"piptadenia cateniformis","x","n/a","n/a"
"piptadenia cebil","n/a","x","n/a"
"piptadenia flava","x","n/a","n/a"
"piptadenia leptocarpa","x","n/a","n/a"
"piptadenia macrocarpa","n/a","x","n/a"
"piptadenia psilostachya","x","n/a","n/a"
"piptadenia rigida","n/a","x","n/a"
"piptadenia suaveolens","x","n/a","n/a"
"piptadeniastrum africanum","x","n/a","n/a"
"piratinera guianensis","x","n/a","n/a"
"piscidia acuminata","x","n/a","n/a"
"piscidia americana","x","n/a","n/a"
"piscidia carthagenensis","x","n/a","n/a"
"piscidia communis","x","n/a","n/a"
"piscidia erythrina","n/a","x","n/a"
"piscidia guaricensis","x","n/a","n/a"
"piscidia piscipula","n/a","x","n/a"
"pistacia simaruba","n/a","x","n/a"
"pithecellobium dulce","n/a","x","n/a"
"pithecellobium guaricense","x","n/a","n/a"
"pithecellobium incuriale","n/a","x","n/a"
"pithecellobium longipedatum","x","n/a","n/a"
"pithecellobium martianum","n/a","x","n/a"
"pithecellobium pubescens","x","n/a","n/a"
"pithecellobium racemosum","x","n/a","n/a"
"pithecellobium roseum","x","n/a","n/a"
"pithecellobium schomburgkii","x","n/a","n/a"
"pithecellobium tortum","x","n/a","n/a"
"pityrocarpa flava","x","n/a","n/a"
"planchonia papuana","x","n/a","n/a"
"platanus hybrida","n/a","x","n/a"
"platanus x acerifolia","n/a","x","n/a"
"platonia esculenta","x","n/a","n/a"
"platonia insignis","x","n/a","n/a"
"platymiscium dimorphandrum","x","n/a","n/a"
"platymiscium duckei","x","n/a","n/a"
"platymiscium paraense","x","n/a","n/a"
"platymiscium pinnatum","x","n/a","n/a"
"platymiscium polystachyum","x","n/a","n/a"
"platymiscium trinitatis","x","n/a","n/a"
"platymiscium ulei","x","n/a","n/a"
"platymiscium yucatanum","x","n/a","n/a"
"podocarpus falcatus","n/a","x","n/a"
"podocarpus latifolius","n/a","x","n/a"
"poga oleosa","x","n/a","n/a"
"pometia pinnata","x","n/a","n/a"
"pometia tomentosa","x","n/a","n/a"
"pouteria campechiana","n/a","x","n/a"
"pouteria procera","x","n/a","n/a"
"prioria balsamiferum","x","n/a","n/a"
"prosopis nigra","n/a","x","n/a"
"{protium|spp.}","x","n/a","under review"
"pseudocedrela cylindrica","x","n/a","n/a"
"pseudocedrela utilis","x","n/a","n/a"
"{pseudocinchona|spp.}","x","n/a","under review"
"pseudocopaiva chodatiana","n/a","x","n/a"
"pseudocopaiva hymenaefolia","n/a","x","n/a"
"pseudopiptadenia psilostachya","x","n/a","n/a"
"pseudopiptadenia suaveolens","x","n/a","n/a"
"pseudosamanea guachapele","x","n/a","n/a"
"pseudosindora palustris","x","n/a","n/a"
"pterocarpus acapulcensis","x","n/a","n/a"
"pterocarpus angolensis","n/a","x","n/a"
"pterocarpus dalbergioides","n/a","x","n/a"
"pterocarpus dekindtianus","n/a","x","n/a"
"pterocarpus erinaceus","x","n/a","n/a"
"pterocarpus heterophyllus","x","n/a","n/a"
"pterocarpus indicus","n/a","x","n/a"
"pterocarpus macrocarpus","n/a","x","n/a"
"pterocarpus marsupium","n/a","x","n/a"
"pterocarpus minimus","x","n/a","n/a"
"pterocarpus podocarpus","x","n/a","n/a"
"pterocarpus rohrii","n/a","x","n/a"
"pterocarpus rupestris","x","n/a","n/a"
"pterocarpus santalinus","n/a","x","cites"
"pterocarpus soyauxii","x","n/a","n/a"
"pterocarpus vernalis","x","n/a","n/a"
"pterogyne nitens","n/a","x","n/a"
"pterygopodium balsamiferum","x","n/a","n/a"
"pterygopodium oxyphyllum","x","n/a","n/a"
"{pterygota|spp.}","x","n/a","under review"
"pycnanthus angolensis","x","n/a","n/a"
"qualea albiflora","x","n/a","n/a"
"qualea coerulea","x","n/a","n/a"
"qualea paraensis","x","n/a","n/a"
"qualea rosea","x","n/a","n/a"
"quassia simarouba","x","n/a","n/a"
"quebrachia lorentzii","n/a","x","n/a"
"racosperma aneurum","n/a","x","n/a"
"racosperma cambagei","n/a","x","n/a"
"racosperma coriaceum","n/a","x","n/a"
"racosperma excelsum","n/a","x","n/a"
"racosperma harpophyllum","n/a","x","n/a"
"racosperma koa","n/a","x","n/a"
"racosperma melanoxylon","n/a","x","n/a"
"racosperma microspermum","n/a","x","n/a"
"racosperma omalophyllum","n/a","x","n/a"
"racosperma pendulum","n/a","x","n/a"
"racosperma salicinum","n/a","x","n/a"
"racosperma shirleyi","n/a","x","n/a"
"racosperma tephrina","n/a","x","n/a"
"recordoxylon","x","n/a","n/a"
"rhodostemonodaphne grandis","x","n/a","n/a"
"&#167; richeriagrandis","n/a","x","n/a"
"ricinodendron heudelotii","x","n/a","n/a"
"rinorea paniculata","x","n/a","n/a"
"roseodendron donnell-smithii","n/a","x","n/a"
"roupala brasiliensis","n/a","x","n/a"
"roupala cataractarum","n/a","x","n/a"
"{roupala gardneri|var.|integrifolia}","n/a","x","n/a"
"roupala montana","n/a","x","n/a"
"roupala pinnata","x","n/a","n/a"
"roupala pohlii","n/a","x","n/a"
"ruizterania albiflora","x","n/a","n/a"
"{sabal|spp.}","x","n/a","under review"
"salvadora persica","n/a","x","n/a"
"samanea saman","n/a","x","n/a"
"santalum album","n/a","x","n/a"
"santalum spicatum","n/a","x","n/a"
"saouari villosa","x","n/a","n/a"
"&#167; sapiumaucuparium","n/a","x","n/a"
"&#167; sapiumcaribaeum","n/a","x","n/a"
"sapium ellipticum","x","n/a","n/a"
"&#167; sapiumglandulosum","n/a","x","n/a"
"sapota zapotilla","n/a","x","n/a"
"sarcocephalus diderrichii","x","n/a","n/a"
"saxegothaea conspicua","n/a","x","n/a"
"schefflera morototoni","n/a","x","n/a"
"schinopsis lorentzii","n/a","x","n/a"
"schinopsis quebracho-colorado","n/a","x","n/a"
"schizolobium amazonicum","n/a","x","n/a"
"schizolobium excelsum","n/a","x","n/a"
"schizolobium parahyba","n/a","x","n/a"
"schrebera arborea","x","n/a","n/a"
"sclerolobium micropetalum","x","n/a","n/a"
"scorodocarpus borneensis","x","n/a","n/a"
"scyphocephalium ochocoa","x","n/a","n/a"
"{serenoa|spp.}","x","n/a","under review"
"seretoberlinia seretii","x","n/a","n/a"
"serianthes melanesica","x","n/a","n/a"
"serianthes myriadenia sensu","x","n/a","n/a"
"sextonia pubescens","x","n/a","n/a"
"sextonia rubra","x","n/a","n/a"
"{shorea|spp.}","x","n/a","under review"
"sickingia salvadorensis","x","n/a","n/a"
"sideroxylon gardnerianum","x","n/a","n/a"
"simarouba amara","x","n/a","n/a"
"simarouba versicolor","x","n/a","n/a"
"simira salvadorensis","x","n/a","n/a"
"siphonia brasiliensis","n/a","x","n/a"
"&#167; sloaneacaribaea","x","n/a","n/a"
"sophora monosperma","x","n/a","n/a"
"spirostachys africana","n/a","x","n/a"
"spondias lutea","n/a","x","n/a"
"spondias mombin","n/a","x","n/a"
"staudtia kamerunensis","x","n/a","n/a"
"stemmadenia donnell-smithii","x","n/a","n/a"
"sterculia apetala","x","n/a","n/a"
"sterculia caribaea","x","n/a","n/a"
"sterculia oblonga","x","n/a","n/a"
"sterculia pruriens","x","n/a","n/a"
"sterculia rhinopetala","x","n/a","n/a"
"sterculia rugosa","x","n/a","n/a"
"sterculia tragacantha","n/a","x","n/a"
"{swartzia|spp.}","x","n/a","n/a"
"sweetia panamensis","x","n/a","n/a"
"swietenia candollei","n/a","x","cites"
"swietenia chloroxylon","x","n/a","n/a"
"swietenia macrophylla","n/a","x","cites"
"swietenia senegalensis","x","n/a","n/a"
"symphonia globulifera","x","n/a","n/a"
"{syzygium|spp.}","n/a","x","n/a"
"{tabebuia|spp.}","x","n/a","n/a"
"tabernaemontana donnell-smithii","x","n/a","n/a"
"tachigali micropetala","x","n/a","n/a"
"tachigali purpurea","x","n/a","n/a"
"tachigalia purpurea","x","n/a","n/a"
"talisia oliviformis","x","n/a","n/a"
"tamarindus indica","n/a","x","n/a"
"&#167; tamoneaguianensis","x","n/a","n/a"
"&#167; tapuralatifolia","x","n/a","n/a"
"tarrietia utilis","x","n/a","n/a"
"taxodium mexicanum","n/a","x","n/a"
"taxodium mucronatum","n/a","x","n/a"
"tecoma guayacan","n/a","x","n/a"
"tecoma impetiginosa","n/a","x","n/a"
"tecoma ipe","n/a","x","n/a"
"tecoma rosea","n/a","x","n/a"
"tecoma serratifolia","n/a","x","n/a"
"tectona grandis","n/a","x","n/a"
"terminalia alata","n/a","x","n/a"
"terminalia amazonia","x","n/a","n/a"
"terminalia eliptica","n/a","x","n/a"
"terminalia hayesii","x","n/a","n/a"
"terminalia ivorensis","x","n/a","n/a"
"terminalia obovata","n/a","x","n/a"
"terminalia pterocarpa","x","n/a","n/a"
"terminalia superba","n/a","x","n/a"
"terminalia tomentosa","n/a","x","n/a"
"tessmannia africana","x","n/a","n/a"
"testulea gabonensis","x","n/a","n/a"
"tetraclinis articula","n/a","x","n/a"
"thespesia macrophylla","n/a","x","n/a"
"thespesia populnea","n/a","x","n/a"
"thouinia hemiglauca","n/a","x","n/a"
"thuja chilensis","n/a","x","n/a"
"thuja gigantea","n/a","x","n/a"
"thuja plicata","n/a","x","n/a"
"tieghemella africana","x","n/a","n/a"
"tieghemella heckelii","x","n/a","n/a"
"tipuana speciosa","n/a","x","n/a"
"tipuana tipu","n/a","x","n/a"
"toluifera balsamum","n/a","x","n/a"
"tolyifera pereirae","n/a","x","n/a"
"toona australis","n/a","x","n/a"
"toona ciliata","n/a","x","n/a"
"toona microcarpa","n/a","x","n/a"
"toona ternatensis","n/a","x","n/a"
"torresea cearensis","x","n/a","n/a"
"{trattinickia|spp.}","x","n/a","n/a"
"trema guineensis","n/a","x","n/a"
"trema orientalis","n/a","x","n/a"
"trichilia albiflora","n/a","x","n/a"
"trichilia americana","n/a","x","n/a"
"trichilia anisopleura","n/a","x","n/a"
"trichilia colimana","n/a","x","n/a"
"trichilia langlassei","n/a","x","n/a"
"trichilia minutiflora","n/a","x","n/a"
"trichilia pavoniana","n/a","x","n/a"
"trichilia pringlei","n/a","x","n/a"
"trichilia procera","x","n/a","n/a"
"trichilia spondiodes","n/a","x","n/a"
"triplaris surinamensis","n/a","x","n/a"
"triplaris weigeltiana","n/a","x","n/a"
"triplochiton scleroxylon","x","n/a","n/a"
"triplochiton utile","x","n/a","n/a"
"tristania conferta","n/a","x","n/a"
"turreanthus africanus","x","n/a","n/a"
"uapaca guineensis","x","n/a","n/a"
"vatairea guianensis","x","n/a","n/a"
"vatairea lundellii","x","n/a","n/a"
"vatairea surinamensis","x","n/a","n/a"
"{virola|spp.}","x","n/a","n/a"
"vitex vitiensis","x","n/a","n/a"
"vochysia guianensis","x","n/a","n/a"
"{vochysia|spp.}","x","n/a","n/a"
"vochysia tomentosa","x","n/a","n/a"
"vouacapoua americana","x","n/a","n/a"
"vouapa pendula","x","n/a","n/a"
"vouapa racemigera","x","n/a","n/a"
"vuacapua amazonum","x","n/a","n/a"
"weinmannia trichosperma","n/a","x","n/a"
"ximenia borneensis","x","n/a","n/a"
"xylia xylocarpa","x","n/a","n/a"
"xylocarpus carapa","x","n/a","n/a"
"zanthoxylum flavum","n/a","x","n/a"
"zanthoxylum heitzii","x","n/a","n/a"
"zygia racemosa","x","n/a","n/a"
