"usage","--select--competition (1)&nbsp;defense (14)&nbsp;service (5)&nbsp;"
"types","--select--subcompact pistol (1)&nbsp;compact pistol (7)&nbsp; standard pistol (7)&nbsp;rifle (5)&nbsp;"
"style","--select--m1911 (7)&nbsp;"
"action","--select--double action (da) (8)&nbsp;semi auto (5)&nbsp;single action (sa) (7)&nbsp;"
"length","--select--6 (2)&nbsp;7 (4)&nbsp;8 (9)&nbsp;9+ (5)&nbsp;"
"barrel","--select--3 (3)&nbsp;4 (4)&nbsp;5 (8)&nbsp;7+ (5)&nbsp;"
"weight","--select--1lb (8)&nbsp;2lb (7)&nbsp;5lb+ (5)&nbsp;"
"msrp","--select--$500-699 (3)&nbsp;$700-999 (1)&nbsp;$1000+ (9)&nbsp;"
"caliber","--select--308 winchester (5)&nbsp;357 sig (2)&nbsp;40 s&w (5)&nbsp;45 acp (10)&nbsp;9mm (7)&nbsp;"
