"Bezeichnung","Hersteller","Datecode","Beschreibung"
"BAV99L&nbsp;","CDIL&nbsp;","&nbsp;","SMD/SOT-23/3000PCS&nbsp;"
"BAV99&nbsp;","DSI&nbsp;","&nbsp;","SMD/SOT-23/3000PCS          A7&nbsp;"
"BAW14&nbsp;","DSI&nbsp;","&nbsp;","DO-35&nbsp;"
"BAW21&nbsp;","ITT&nbsp;","&nbsp;","DO-35 taped&nbsp;"
"BAW21A&nbsp;","DSI&nbsp;","&nbsp;","&nbsp;"
"BAW25&nbsp;","TFK&nbsp;","&nbsp;","DO-35&nbsp;"
"BAW28&nbsp;","DSI&nbsp;","&nbsp;","&nbsp;"
"BAW32A&nbsp;","SST&nbsp;","&nbsp;","DO-35 ESD sensitiv devices&nbsp;"
"BAW32C&nbsp;","DSI&nbsp;","&nbsp;","DO-35 ESD sensitiv devices&nbsp;"
"BAW32D&nbsp;","DSI&nbsp;","&nbsp;","DO-35 ESD sensitiv devices&nbsp;"
