"Model","Po?et inzer?tov","&nbsp;"
"[Other] ??","&nbsp","&raquo;&nbsp;Zada? inzer?t - dopyt"
"[Other] ??","&nbsp","&raquo;&nbsp;Zada? inzer?t - dopyt"
"[Other] Loc E18AC","&nbsp","&raquo;&nbsp;Zada? inzer?t - dopyt"
"[Other] Truckt?rn","&nbsp","&raquo;&nbsp;Zada? inzer?t - dopyt"
"[Other] 8-600","&nbsp","&raquo;&nbsp;Zada? inzer?t - dopyt"
"[Other] FBRAW15-63-500M","&nbsp","&raquo;&nbsp;Zada? inzer?t - dopyt"
"[Other] HPY506","&nbsp","&raquo;&nbsp;Zada? inzer?t - dopyt"
"[Other] Omega 36C FLT","&nbsp","&raquo;&nbsp;Zada? inzer?t - dopyt"
"[Other] Swedmach LW22","&nbsp","&raquo;&nbsp;Zada? inzer?t - dopyt"
"[Other] 212OPC","&nbsp","&raquo;&nbsp;Zada? inzer?t - dopyt"
"[Other] 252B","&nbsp","&raquo;&nbsp;Zada? inzer?t - dopyt"
"[Other] 366 x710x260 T?lt till bilar maskiner","&nbsp","&raquo;&nbsp;Zada? inzer?t - dopyt"
"[Other] 4x4WD-MF-BARMEC RANGER 425 SDT","&nbsp","&raquo;&nbsp;Zada? inzer?t - dopyt"
"[Other] 6000","&nbsp","&raquo;&nbsp;Zada? inzer?t - dopyt"
"[Other] AGRIA TH 30-25","&nbsp","&raquo;&nbsp;Zada? inzer?t - dopyt"
"[Other] Agrimac TH-160 Diesel 4WD","&nbsp","&raquo;&nbsp;Zada? inzer?t - dopyt"
"[Other] Agrimac TH30-25","&nbsp","&raquo;&nbsp;Zada? inzer?t - dopyt"
"[Other] Agromax R4S","&nbsp","&raquo;&nbsp;Zada? inzer?t - dopyt"
"[Other] Aisle-master 20SE","&nbsp","&raquo;&nbsp;Zada? inzer?t - dopyt"
"[Other] ATX100E","&nbsp","&raquo;&nbsp;Zada? inzer?t - dopyt"
"[Other] Bell 120 x 2","&nbsp","&raquo;&nbsp;Zada? inzer?t - dopyt"
"[Other] Bell 220","&nbsp","&raquo;&nbsp;Zada? inzer?t - dopyt"
"[Other] Birdie Mover","&nbsp","&raquo;&nbsp;Zada? inzer?t - dopyt"
"[Other] Birdie Transporter S","&nbsp","&raquo;&nbsp;Zada? inzer?t - dopyt"
"[Other] BT RT 1350 E","&nbsp","&raquo;&nbsp;Zada? inzer?t - dopyt"
"[Other] CARER R40N (auction 5207)","&nbsp","&raquo;&nbsp;Zada? inzer?t - dopyt"
"[Other] CATERPILLAR DP25","&nbsp","&raquo;&nbsp;Zada? inzer?t - dopyt"
"[Other] CD 35 HW 15A","&nbsp","&raquo;&nbsp;Zada? inzer?t - dopyt"
"[Other] Clark 5t","&nbsp","&raquo;&nbsp;Zada? inzer?t - dopyt"
"[Other] Climaxtype 40DA (5448)","&nbsp","&raquo;&nbsp;Zada? inzer?t - dopyt"
