"The Three Bears&#039; Christmas      Tue 09/18/2007 - 11:37 ? Paul Meisel                          animalsgouacheHolidayswhimsicalacrylic","Statue of Liberty      Wed 10/21/2009 - 15:26 ? Ralph Voltz                          booksboyschildrenflyinggirlsnew yorkstatue of liberty","wookiemania","Oh Brave Eagle      Fri 08/07/2009 - 16:03 ? Donald Wu","Mysterious house      Wed 07/08/2009 - 14:25 ? Daniel Griffo                          children&#039;s"
"Farida Zaman      Tue 02/10/2009 - 10:01 ? StoryBook Arts Inc.                          tween","Ice Skating      Tue 11/09/2010 - 13:01 ? Aga Kowalska                          catwinter","The Chicken Song      Tue 08/03/2010 - 09:03 ? julia Woolf                          animalschildreneducational.","Mountain      Tue 11/09/2010 - 17:09 ? Valentina Belloni                          skiingsnowwinter","Cover Art &quot;Where the Ground Meets the Sky&quot;      Mon 01/21/2008 - 12:14 ? Peggy Dressel                          1944brunetteforestgirlHIstoricNew Mexiconight scenepastle  oScarytree housewoods"
"Pureba Zipper      Mon 07/27/2009 - 15:21 ? Cecilia Rebora","Night Music Crocodile      Mon 07/27/2009 - 15:05 ? Cecilia Rebora","Pirate Pig      Thu 01/08/2009 - 18:14 ? Terry Kovalcik                          Animalfacial expressionsfeatherPigpiratesskullsmile","Granny&#039;s Bonnet      Mon 03/28/2011 - 07:47 ? Lisa Hedicker                          Fairytale. Children. Watercolour","Pythias in a Hurry      Tue 06/30/2009 - 14:31 ? Layne Johnson                          ancient talefriendshipGreecegreekkingloyaltyOil paintingsacrificeSicilytrust"
"Jet Bunny      Fri 02/10/2012 - 08:53 ? Susan Estelle Kwas                          airplanebunnycolorfulfungouachejetrabbitskywhimsical","Girl with Dog      Thu 02/01/2007 - 14:40 ? Claudine Gevry                          spooky girl dos haunted house","Choo Choo!      Thu 06/04/2009 - 08:46 ? Korey Scott                          children&#039;s bookscoloring bookfunOutlinepeopletrainwhimsical","Boys      Fri 01/11/2008 - 10:08 ? Alessia Girasole                          botherhood","Park      Mon 01/23/2012 - 09:55 ? Julissa Mora                          childrenleisureactivity"
"Squirrel&#039;s Home      Fri 08/14/2009 - 11:41 ? Steve Cox","Pinocchio      Wed 05/26/2010 - 12:10 ? Corey Wolfe                          animatedanimationboycartoonchildchildrencomicDisneyfungkidkidsPlayfulsilly","Art from Animal Alphabed.      Wed 06/06/2007 - 12:44 ? jennifer emery                          alphabetAnimalanimalscausasiandreamgirlpajamasquiltwatercolor","Cats &amp; Dogs      Tue 04/10/2007 - 09:55 ? Valeria Cis                          catspuppy","Classroom      Tue 11/09/2010 - 15:02 ? Monica Gutierrez                          humorrooster"
"Friends      Tue 04/29/2008 - 10:21 ? Cheryl Welch                          friendsgirl&#039;s magazinegirlsmagazinepetpreteen girls","A boy and his dog      Wed 01/31/2007 - 14:33 ? Peggy Mozley                          Animalboychilddigitaldogrealism","Cindy Revell      Sat 01/14/2012 - 11:16 ? Cindy Revell                          christmasholidaymoonornamentsanta","Charlie and the Pumpkin Seeds      Fri 10/28/2011 - 17:59 ? Kathryn Ault Noble                          children&#039;s bookhistorical fictionsouth dakota","Turtle Soup Cover      Thu 09/16/2010 - 12:26 ? Valeria Docampo"
