"Date","Event","Venue"
"April 12-13 2008","Green Fest 2008 - Seattle www.greenfestivals.org","Washington State Convention and Trade Center Seattle WA"
"April 26 2008","Baltimore Eco Festival  www.baltimoregreenweek.org","Druid Hill Park Baltimore MD"
"April 26-27 2008","GoGreen Expo  www.gogreenexpo.org","The Hilton New York New York NY"
"May 17-18 2008","Green Fest 2008 - Chicago  www.greenfestivals.org","Navy Pier Chicago IL"
"September 26-28 2008","Baltimore Book Festival 2008  www.baltimorebookfestival.org","Mt. Vernon Place Baltimore MD"
"Nov 8-9 2008","Green Fest 2008 - DC  www.greenfestivals.org","Convention Center Washington DC"
"Nov 14-16 2008","Green Fest 2008 - San Francisco  www.greenfestivals.org/","SF Concourse Exhibition Center San Francisco CA"
