"year","NULL","voted by","inducted as","votes","% of ballots"
"2011","roberto alomar","bbwaa","player","523.0","90.0%"
"2011","bert blyleven","bbwaa","player","463.0","79.7%"
"2011","pat gillick","veterans","executive","NULL","NULL"
"2010","andre dawson","bbwaa","player","420.0","77.9%"
"2010","doug harvey","veterans","umpire","NULL","NULL"
"2010","whitey herzog","veterans","manager","NULL","NULL"
"2009","joe gordon","veterans","player","NULL","NULL"
"2009","rickey henderson","bbwaa","player","511.0","94.8%"
"2009","jim rice","bbwaa","player","412.0","76.4%"
"2008","barney dreyfuss","veterans","pioneer/executive","NULL","NULL"
"2008","rich gossage","bbwaa","player","466.0","85.8%"
"2008","bowie kuhn","veterans","pioneer/executive","NULL","NULL"
"2008","walter o'malley","veterans","pioneer/executive","NULL","NULL"
"2008","billy southworth","veterans","manager","NULL","NULL"
"2008","dick williams","veterans","manager","NULL","NULL"
"2007","tony gwynn","bbwaa","player","532.0","97.6%"
"2007","cal ripken","bbwaa","player","537.0","98.5%"
"2006","raymond brown","negro league","player","NULL","NULL"
"2006","willard brown","negro league","player","NULL","NULL"
"2006","andy cooper","negro league","player","NULL","NULL"
"2006","frank grant","negro league","player","NULL","NULL"
"2006","pete hill","negro league","player","NULL","NULL"
"2006","biz mackey","negro league","player","NULL","NULL"
"2006","effa manley","negro league","pioneer/executive","NULL","NULL"
"2006","jose mendez","negro league","player","NULL","NULL"
"2006","alex pompez","negro league","pioneer/executive","NULL","NULL"
"2006","cum posey","negro league","pioneer/executive","NULL","NULL"
"2006","louis santop","negro league","player","NULL","NULL"
"2006","bruce sutter","bbwaa","player","400.0","76.9%"
"2006","mule suttles","negro league","player","NULL","NULL"
"2006","ben taylor","negro league","player","NULL","NULL"
"2006","cristobal torriente","negro league","player","NULL","NULL"
"2006","sol white","negro league","pioneer/executive","NULL","NULL"
"2006","j. l. wilkinson","negro league","pioneer/executive","NULL","NULL"
"2006","jud wilson","negro league","player","NULL","NULL"
"2005","wade boggs","bbwaa","player","474.0","91.9%"
"2005","ryne sandberg","bbwaa","player","393.0","76.2%"
"2004","dennis eckersley","bbwaa","player","421.0","83.2%"
"2004","paul molitor","bbwaa","player","431.0","85.2%"
"2003","gary carter","bbwaa","player","387.0","78.0%"
"2003","eddie murray","bbwaa","player","423.0","85.3%"
"2002","ozzie smith","bbwaa","player","433.0","91.7%"
"2001","bill mazeroski","veterans","player","NULL","NULL"
"2001","kirby puckett","bbwaa","player","423.0","82.1%"
"2001","hilton smith","veterans","player","NULL","NULL"
"2001","dave winfield","bbwaa","player","435.0","84.5%"
"2000","sparky anderson","veterans","manager","NULL","NULL"
"2000","carlton fisk","bbwaa","player","397.0","79.6%"
"2000","bid mcphee","veterans","player","NULL","NULL"
"2000","tony perez","bbwaa","player","385.0","77.2%"
"2000","turkey stearnes","veterans","player","NULL","NULL"
"1999","george brett","bbwaa","player","488.0","98.2%"
"1999","orlando cepeda","veterans","player","NULL","NULL"
"1999","nestor chylak","veterans","umpire","NULL","NULL"
"1999","nolan ryan","bbwaa","player","491.0","98.8%"
"1999","frank selee","veterans","manager","NULL","NULL"
"1999","smokey joe williams","veterans","player","NULL","NULL"
"1999","robin yount","bbwaa","player","385.0","77.5%"
"1998","george davis","veterans","player","NULL","NULL"
"1998","larry doby","veterans","player","NULL","NULL"
"1998","lee macphail","veterans","pioneer/executive","NULL","NULL"
"1998","bullet rogan","veterans","player","NULL","NULL"
"1998","don sutton","bbwaa","player","386.0","81.6%"
"1997","nellie fox","veterans","player","NULL","NULL"
"1997","tom lasorda","veterans","manager","NULL","NULL"
"1997","phil niekro","bbwaa","player","380.0","80.3%"
"1997","willie wells","veterans","player","NULL","NULL"
"1996","jim bunning","veterans","player","NULL","NULL"
"1996","bill foster","veterans","player","NULL","NULL"
"1996","ned hanlon","veterans","manager","NULL","NULL"
"1996","earl weaver","veterans","manager","NULL","NULL"
"1995","richie ashburn","veterans","player","NULL","NULL"
"1995","leon day","veterans","player","NULL","NULL"
"1995","william hulbert","veterans","pioneer/executive","NULL","NULL"
"1995","mike schmidt","bbwaa","player","444.0","96.5%"
"1995","vic willis","veterans","player","NULL","NULL"
"1994","steve carlton","bbwaa","player","436.0","95.6%"
"1994","leo durocher","veterans","manager","NULL","NULL"
"1994","phil rizzuto","veterans","player","NULL","NULL"
"1993","reggie jackson","bbwaa","player","396.0","93.6%"
"1992","rollie fingers","bbwaa","player","349.0","81.2%"
"1992","bill mcgowan","veterans","umpire","NULL","NULL"
"1992","hal newhouser","veterans","player","NULL","NULL"
"1992","tom seaver","bbwaa","player","425.0","98.8%"
"1991","rod carew","bbwaa","player","401.0","90.5%"
"1991","fergie jenkins","bbwaa","player","334.0","75.4%"
"1991","tony lazzeri","veterans","player","NULL","NULL"
"1991","gaylord perry","bbwaa","player","342.0","77.2%"
"1991","bill veeck","veterans","pioneer/executive","NULL","NULL"
"1990","joe morgan","bbwaa","player","363.0","81.8%"
"1990","jim palmer","bbwaa","player","411.0","92.6%"
"1989","al barlick","veterans","umpire","NULL","NULL"
"1989","johnny bench","bbwaa","player","431.0","96.4%"
"1989","red schoendienst","veterans","player","NULL","NULL"
"1989","carl yastrzemski","bbwaa","player","423.0","94.6%"
"1988","willie stargell","bbwaa","player","352.0","82.4%"
"1987","ray dandridge","veterans","player","NULL","NULL"
"1987","catfish hunter","bbwaa","player","315.0","76.3%"
"1987","billy williams","bbwaa","player","354.0","85.7%"
"1986","bobby doerr","veterans","player","NULL","NULL"
"1986","ernie lombardi","veterans","player","NULL","NULL"
"1986","willie mccovey","bbwaa","player","346.0","81.4%"
"1985","lou brock","bbwaa","player","315.0","79.7%"
"1985","enos slaughter","veterans","player","NULL","NULL"
"1985","arky vaughan","veterans","player","NULL","NULL"
"1985","hoyt wilhelm","bbwaa","player","331.0","83.8%"
"1984","luis aparicio","bbwaa","player","341.0","84.6%"
"1984","don drysdale","bbwaa","player","316.0","78.4%"
"1984","rick ferrell","veterans","player","NULL","NULL"
"1984","harmon killebrew","bbwaa","player","335.0","83.1%"
"1984","pee wee reese","veterans","player","NULL","NULL"
"1983","walter alston","veterans","manager","NULL","NULL"
"1983","george kell","veterans","player","NULL","NULL"
"1983","juan marichal","bbwaa","player","313.0","83.7%"
"1983","brooks robinson","bbwaa","player","344.0","92.0%"
"1982","hank aaron","bbwaa","player","406.0","97.8%"
"1982","happy chandler","veterans","pioneer/executive","NULL","NULL"
"1982","travis jackson","veterans","player","NULL","NULL"
"1982","frank robinson","bbwaa","player","370.0","89.2%"
"1981","rube foster","veterans","manager","NULL","NULL"
"1981","bob gibson","bbwaa","player","337.0","84.0%"
"1981","johnny mize","veterans","player","NULL","NULL"
"1980","al kaline","bbwaa","player","340.0","88.3%"
"1980","chuck klein","veterans","player","NULL","NULL"
"1980","duke snider","bbwaa","player","333.0","86.5%"
"1980","tom yawkey","veterans","pioneer/executive","NULL","NULL"
"1979","warren giles","veterans","pioneer/executive","NULL","NULL"
"1979","willie mays","bbwaa","player","409.0","94.7%"
"1979","hack wilson","veterans","player","NULL","NULL"
"1978","addie joss","veterans","player","NULL","NULL"
"1978","larry macphail","veterans","pioneer/executive","NULL","NULL"
"1978","eddie mathews","bbwaa","player","301.0","79.4%"
"1977","ernie banks","bbwaa","player","321.0","83.8%"
"1977","martin dihigo","negro league","player","NULL","NULL"
"1977","pop lloyd","negro league","player","NULL","NULL"
"1977","al lopez","veterans","manager","NULL","NULL"
"1977","amos rusie","veterans","player","NULL","NULL"
"1977","joe sewell","veterans","player","NULL","NULL"
"1976","oscar charleston","negro league","player","NULL","NULL"
"1976","roger connor","veterans","player","NULL","NULL"
"1976","cal hubbard","veterans","umpire","NULL","NULL"
"1976","bob lemon","bbwaa","player","305.0","78.6%"
"1976","freddie lindstrom","veterans","player","NULL","NULL"
"1976","robin roberts","bbwaa","player","337.0","86.9%"
"1975","earl averill","veterans","player","NULL","NULL"
"1975","bucky harris","veterans","manager","NULL","NULL"
"1975","billy herman","veterans","player","NULL","NULL"
"1975","judy johnson","negro league","player","NULL","NULL"
"1975","ralph kiner","bbwaa","player","273.0","75.4%"
"1974","cool papa bell","negro league","player","NULL","NULL"
"1974","jim bottomley","veterans","player","NULL","NULL"
"1974","jocko conlan","veterans","umpire","NULL","NULL"
"1974","whitey ford","bbwaa","player","284.0","77.8%"
"1974","mickey mantle","bbwaa","player","322.0","88.2%"
"1974","sam thompson","veterans","player","NULL","NULL"
"1973","roberto clemente","special election","player","NULL","NULL"
"1973","billy evans","veterans","umpire","NULL","NULL"
"1973","monte irvin","negro league","player","NULL","NULL"
"1973","high pockets kelly","veterans","player","NULL","NULL"
"1973","warren spahn","bbwaa","player","316.0","83.2%"
"1973","mickey welch","veterans","player","NULL","NULL"
"1972","yogi berra","bbwaa","player","339.0","85.6%"
"1972","josh gibson","negro league","player","NULL","NULL"
"1972","lefty gomez","veterans","player","NULL","NULL"
"1972","will harridge","veterans","pioneer/executive","NULL","NULL"
"1972","sandy koufax","bbwaa","player","344.0","86.9%"
"1972","buck leonard","negro league","player","NULL","NULL"
"1972","early wynn","bbwaa","player","301.0","76.0%"
"1972","ross youngs","veterans","player","NULL","NULL"
"1971","dave bancroft","veterans","player","NULL","NULL"
"1971","jake beckley","veterans","player","NULL","NULL"
"1971","chick hafey","veterans","player","NULL","NULL"
"1971","harry hooper","veterans","player","NULL","NULL"
"1971","joe kelley","veterans","player","NULL","NULL"
"1971","rube marquard","veterans","player","NULL","NULL"
"1971","satchel paige","negro league","player","NULL","NULL"
"1971","george weiss","veterans","pioneer/executive","NULL","NULL"
"1970","lou boudreau","bbwaa","player","232.0","77.3%"
"1970","earle combs","veterans","player","NULL","NULL"
"1970","ford frick","veterans","pioneer/executive","NULL","NULL"
"1970","jesse haines","veterans","player","NULL","NULL"
"1969","roy campanella","bbwaa","player","270.0","79.4%"
"1969","stan coveleski","veterans","player","NULL","NULL"
"1969","waite hoyt","veterans","player","NULL","NULL"
"1969","stan musial","bbwaa","player","317.0","93.2%"
"1968","kiki cuyler","veterans","player","NULL","NULL"
"1968","goose goslin","veterans","player","NULL","NULL"
"1968","joe medwick","bbwaa","player","240.0","84.8%"
"1967","branch rickey","veterans","pioneer/executive","NULL","NULL"
"1967","red ruffing","run off","player","266.0","86.9%"
"1967","lloyd waner","veterans","player","NULL","NULL"
"1966","casey stengel","veterans","manager","NULL","NULL"
"1966","ted williams","bbwaa","player","282.0","93.4%"
"1965","pud galvin","veterans","player","NULL","NULL"
"1964","luke appling","run off","player","189.0","94.0%"
"1964","red faber","veterans","player","NULL","NULL"
"1964","burleigh grimes","veterans","player","NULL","NULL"
"1964","miller huggins","veterans","manager","NULL","NULL"
"1964","tim keefe","veterans","player","NULL","NULL"
"1964","heinie manush","veterans","player","NULL","NULL"
"1964","monte ward","veterans","player","NULL","NULL"
"1963","john clarkson","veterans","player","NULL","NULL"
"1963","elmer flick","veterans","player","NULL","NULL"
"1963","sam rice","veterans","player","NULL","NULL"
"1963","eppa rixey","veterans","player","NULL","NULL"
"1962","bob feller","bbwaa","player","150.0","93.8%"
"1962","bill mckechnie","veterans","manager","NULL","NULL"
"1962","jackie robinson","bbwaa","player","124.0","77.5%"
"1962","edd roush","veterans","player","NULL","NULL"
"1961","max carey","veterans","player","NULL","NULL"
"1961","billy hamilton","veterans","player","NULL","NULL"
"1959","zack wheat","veterans","player","NULL","NULL"
"1957","sam crawford","veterans","player","NULL","NULL"
"1957","joe mccarthy","veterans","manager","NULL","NULL"
"1956","joe cronin","bbwaa","player","152.0","78.8%"
"1956","hank greenberg","bbwaa","player","164.0","85.0%"
"1955","home run baker","veterans","player","NULL","NULL"
"1955","joe dimaggio","bbwaa","player","223.0","88.8%"
"1955","gabby hartnett","bbwaa","player","195.0","77.7%"
"1955","ted lyons","bbwaa","player","217.0","86.5%"
"1955","ray schalk","veterans","player","NULL","NULL"
"1955","dazzy vance","bbwaa","player","205.0","81.7%"
"1954","bill dickey","bbwaa","player","202.0","80.2%"
"1954","rabbit maranville","bbwaa","player","209.0","82.9%"
"1954","bill terry","bbwaa","player","195.0","77.4%"
"1953","ed barrow","veterans","pioneer/executive","NULL","NULL"
"1953","chief bender","veterans","player","NULL","NULL"
"1953","tommy connolly","veterans","umpire","NULL","NULL"
"1953","dizzy dean","bbwaa","player","209.0","79.2%"
"1953","bill klem","veterans","umpire","NULL","NULL"
"1953","al simmons","bbwaa","player","199.0","75.4%"
"1953","bobby wallace","veterans","player","NULL","NULL"
"1953","harry wright","veterans","pioneer/executive","NULL","NULL"
"1952","harry heilmann","bbwaa","player","203.0","86.8%"
"1952","paul waner","bbwaa","player","195.0","83.3%"
"1951","jimmie foxx","bbwaa","player","179.0","79.2%"
"1951","mel ott","bbwaa","player","197.0","87.2%"
"1949","mordecai brown","old timers","player","NULL","NULL"
"1949","charlie gehringer","run off","player","159.0","85.0%"
"1949","kid nichols","old timers","player","NULL","NULL"
"1948","herb pennock","bbwaa","player","94.0","77.7%"
"1948","pie traynor","bbwaa","player","93.0","76.9%"
"1947","mickey cochrane","bbwaa","player","128.0","79.5%"
"1947","frankie frisch","bbwaa","player","136.0","84.5%"
"1947","lefty grove","bbwaa","player","123.0","76.4%"
"1947","carl hubbell","bbwaa","player","140.0","87.0%"
"1946","jesse burkett","old timers","player","NULL","NULL"
"1946","frank chance","old timers","player","NULL","NULL"
"1946","jack chesbro","old timers","player","NULL","NULL"
"1946","johnny evers","old timers","player","NULL","NULL"
"1946","clark griffith","old timers","player","NULL","NULL"
"1946","tommy mccarthy","old timers","player","NULL","NULL"
"1946","joe mcginnity","old timers","player","NULL","NULL"
"1946","eddie plank","old timers","player","NULL","NULL"
"1946","joe tinker","old timers","player","NULL","NULL"
"1946","rube waddell","old timers","player","NULL","NULL"
"1946","ed walsh","old timers","player","NULL","NULL"
"1945","roger bresnahan","old timers","player","NULL","NULL"
"1945","dan brouthers","old timers","player","NULL","NULL"
"1945","fred clarke","old timers","player","NULL","NULL"
"1945","jimmy collins","old timers","player","NULL","NULL"
"1945","ed delahanty","old timers","player","NULL","NULL"
"1945","hugh duffy","old timers","player","NULL","NULL"
"1945","hughie jennings","old timers","player","NULL","NULL"
"1945","king kelly","old timers","player","NULL","NULL"
"1945","jim o'rourke","old timers","player","NULL","NULL"
"1945","wilbert robinson","old timers","manager","NULL","NULL"
"1944","kenesaw landis","old timers","pioneer/executive","NULL","NULL"
"1942","rogers hornsby","bbwaa","player","182.0","78.1%"
"1939","cap anson","old timers","player","NULL","NULL"
"1939","eddie collins","bbwaa","player","213.0","77.7%"
"1939","charlie comiskey","old timers","pioneer/executive","NULL","NULL"
"1939","candy cummings","old timers","pioneer/executive","NULL","NULL"
"1939","buck ewing","old timers","player","NULL","NULL"
"1939","lou gehrig","special election","player","NULL","NULL"
"1939","willie keeler","bbwaa","player","207.0","75.5%"
"1939","old hoss radbourn","old timers","player","NULL","NULL"
"1939","george sisler","bbwaa","player","235.0","85.8%"
"1939","al spalding","old timers","pioneer/executive","NULL","NULL"
"1938","pete alexander","bbwaa","player","212.0","80.9%"
"1938","alexander cartwright","centennial","pioneer/executive","NULL","NULL"
"1938","henry chadwick","centennial","pioneer/executive","NULL","NULL"
"1937","morgan bulkeley","centennial","pioneer/executive","NULL","NULL"
"1937","ban johnson","centennial","pioneer/executive","NULL","NULL"
"1937","nap lajoie","bbwaa","player","168.0","83.6%"
"1937","connie mack","centennial","manager","NULL","NULL"
"1937","john mcgraw","veterans","manager","NULL","NULL"
"1937","tris speaker","bbwaa","player","165.0","82.1%"
"1937","george wright","centennial","pioneer/executive","NULL","NULL"
"1937","cy young","bbwaa","player","153.0","76.1%"
"1936","ty cobb","bbwaa","player","222.0","98.2%"
"1936","walter johnson","bbwaa","player","189.0","83.6%"
"1936","christy mathewson","bbwaa","player","205.0","90.7%"
"1936","babe ruth","bbwaa","player","215.0","95.1%"
"1936","honus wagner","bbwaa","player","215.0","95.1%"
