"NULL","NULL","NULL"
"Quintanilla Gill & Co Gilberto Quintanilla0 miles","1810 E Griffin PkwyMission TX","(956) 584-6845"
"NULL","NULL","NULL"
"Loni Offermann Bookkeeping Loni Offermann0 miles","2409 E Griffin Pkwy # CMission TX","(956) 580-3338"
"NULL","NULL","NULL"
"Advanced Payroll Svc Inc Linda Yelland9.45 miles","302 W Nolana StMcallen TX","(956) 668-9998"
"NULL","NULL","NULL"
"BMC Medical Billing Svc Josefina Mireles9.45 miles","200 S 10th StMcallen TX","(956) 661-0003"
"NULL","NULL","NULL"
"Burton Mc Cumber & Cortez Richard Cortez9.45 miles","200 S 10th St # 1501Mcallen TX","(956) 618-2300"
"NULL","NULL","NULL"
"Corporate Solutions Patricia Johnsen9.45 miles","2032 Orchid AveMcallen TX","(956) 928-0688"
"NULL","NULL","NULL"
"Dial A Check Gracie Silva9.45 miles","522 N Main StMcallen TX","(956) 688-6815"
"NULL","NULL","NULL"
"Enrique Munoz CPA Enrique Munoz9.45 miles","801 Nolana St # 330Mcallen TX","(956) 618-4400"
"NULL","NULL","NULL"
"Nexpay Loel Garza9.45 miles","5121 N Mccoll RdMcallen TX","(956) 994-1800"
"NULL","NULL","NULL"
"Ozenbaugh & Crews D David Ozenbaugh9.45 miles","2038 Orchid AveMcallen TX","(956) 687-5545"
"NULL","NULL","NULL"
"Long Chilton Payte & Hardin Rance G Sweeten9.45 miles","4100 N 23rd StMcallen TX","(956) 686-3701"
"NULL","NULL","NULL"
"R Zamora Financial Svc Rosendo Zamora9.45 miles","1701 N 8th St # 8-18Mcallen TX","(956) 686-1796"
"NULL","NULL","NULL"
"Richard Moore & Co Richard Moore9.45 miles","501 Nolana StMcallen TX","(956) 630-3053"
"NULL","NULL","NULL"
"Rutledge Bookkeeping Svc Christina Rutledge9.45 miles","5525 N Mccoll RdMcallen TX","(956) 618-4757"
"NULL","NULL","NULL"
"Smith Fankhauser Voigt Watson Jim Spence9.45 miles","3700 N 10th St # 301Mcallen TX","(956) 682-6365"
"NULL","NULL","NULL"
"Valley Business Counselors Pedro Espinoza9.45 miles","701 E Esperanza Ave # BMcallen TX","(956) 686-6681"
"NULL","NULL","NULL"
"Valley Wide Bookkeeping Juan Dominguez9.45 miles","612 Nolana St # 510Mcallen TX","(956) 682-8541"
"NULL","NULL","NULL"
"Evening Shade Corp Robert Rodriguez Jr9.45 miles","900e E Redbud AveMcallen TX","(956) 682-5757"
"NULL","NULL","NULL"
"Everhard & Co Kenneth A Everhard9.45 miles","5533 N Mccoll RdMcallen TX","(956) 687-8341"
"NULL","NULL","NULL"
"Ewing Lara Ebner & Co Jack C Ewing9.45 miles","1201 E Nolana StMcallen TX","(956) 682-2853"
