"camera maker:","&nbsp;&nbsp;"
"camera model:","&nbsp;&nbsp;"
"shutter speed:","&nbsp;&nbsp;"
"aperture:","&nbsp;&nbsp;"
"focal length:","&nbsp;&nbsp;"
"iso sensitivity:","&nbsp;&nbsp;"
"time taken:","&nbsp;&nbsp;"
"exposure compensation:","&nbsp;&nbsp;"
"metering mode:","&nbsp;&nbsp;"
"flash fired:","&nbsp;&nbsp;"
"latitude:","&nbsp;&nbsp;"
"latitude reference:","&nbsp;&nbsp;"
"longitude:","&nbsp;&nbsp;"
"longitude reference:","&nbsp;&nbsp;"
"altitude:","&nbsp;&nbsp;"
"altitude reference:","&nbsp;&nbsp;"
