"account type","freelancer"
"services","translation interpreting editing/proofreading website localization software localization"
"expertise","detailed fields not specified."
"kudoz activity (pro)","{16|12|1}"
"translation education","master's degree - adam mickiewicz university"
"experience","years of translation experience: 2. registered at proz.com: sep 2009."
"proz.com certified pro certificate(s)","n/a"
"credentials","n/a"
"memberships","n/a"
"software","adobe acrobat frontpage microsoft excel microsoft word omegat powerpoint"
