"Added","Description","&nbsp;","Size","Seeds","Leechs","Section"
"14.05.12","Broken Sword: ???? ?????????? / Broken Sword: Shadow of the Templars (2011) ??   ??????????? ???????","&nbsp;","2395.34 Mb","9","0","Other"
"19.02.12","[Wii] Broken Sword Shadow Of The Templars [PAL] [ESPALWii.com] .rar","&nbsp;","3949.57 Mb","60","111","Unsorted"
"15.02.12","Broken Sword Shadow Of The Templars PAL Wii - WiiERD","&nbsp;","4416.02 Mb","2","4","Unsorted"
"11.04.11","3548 - Broken Sword: Shadow of the Templars - The Director&#039;s Cut *MULTi5* (EUR)(torrent-palace info)","&nbsp;","50.38 Mb","0","0","ROMS"
"16.01.11","Broken Sword: Shadow of the Templars [BigFishGames]","&nbsp;","434.92 Mb","2","5","Windows"
"12.01.11","Broken Sword Shadow of the Templars The Director&#039;s Cut (Adventure)","&nbsp;","0.03 Mb","1","3","PC"
"06.12.11","Broken Sword - Shadow of the Templars. Director's Cut","&nbsp;","977.66 Mb","3","6","PC"
