"country","&nbsp;&nbsp;population","&nbsp;&nbsp;members","&nbsp;pop/mem               ratio","&nbsp;"
"afghanistan","32738","3","10913","&nbsp;"
"iran islamic republic of","72212","29","2490","&nbsp;"
"morocco","31177","14","2227","&nbsp;"
"turkey","74766","80","935","&nbsp;"
"algeria","34694","40","867","&nbsp;"
"mauritania","3204","7","458","&nbsp;"
"tunisia","10337","28","369","&nbsp;"
"iraq","29492","173","170","&nbsp;"
"egypt","74946","753","100","&nbsp;"
"libyan arab jamahiriya","6283","72","87","&nbsp;"
"oman","2719","38","72","&nbsp;"
"niger","14731","227","65","&nbsp;"
"turkmenistan","5180","91","57","&nbsp;"
"jordan","5849","188","31","&nbsp;"
"korea democratic people's republic of","23479","866","27","&nbsp;"
"senegal","12688","485","26","&nbsp;"
"uzbekistan","27199","1220","22","&nbsp;"
"greece","11242","509","22","&nbsp;"
"bahrain","780","39","20","&nbsp;"
"ireland","4475","253","18","&nbsp;"
"kuwait","2669","167","16","&nbsp;"
"malta","412","27","15","&nbsp;"
"cyprus","1060","72","15","&nbsp;"
"united arab emirates","4486","309","15","&nbsp;"
"pakistan","172800","12433","14","&nbsp;"
"qatar","928","71","13","&nbsp;"
"azerbaijan","8679","701","12","&nbsp;"
"georgia","4639","380","12","&nbsp;"
"tajikistan","7285","631","12","&nbsp;"
"albania","3241","322","10","&nbsp;"
"lebanon","3981","389","10","&nbsp;"
"eritrea","5006","521","10","&nbsp;"
"viet nam","86185","9471","9","&nbsp;"
"guinea","10302","1287","8","&nbsp;"
"andorra","85","10","9","&nbsp;"
"israel","7482","883","8","&nbsp;"
"japan","127720","15299","8","&nbsp;"
"mali","12716","1452","9","&nbsp;"
"italy","59865","8648","7","&nbsp;"
"luxembourg","488","77","6","&nbsp;"
"congo","3847","636","6","&nbsp;"
"poland","38110","5748","7","&nbsp;"
"thailand","66148","12551","5","&nbsp;"
"bosnia and herzegovina","3843","695","6","&nbsp;"
"bangladesh","147285","29193","5","&nbsp;"
"belgium","10695","1900","6","&nbsp;"
"sri lanka","20296","3681","6","&nbsp;"
"kazakhstan","15651","3278","5","&nbsp;"
"kyrgyzstan","5242","1096","5","&nbsp;"
"burkina faso","15213","3480","4","&nbsp;"
"gibraltar","29","7","4","&nbsp;"
"france","62046","12649","5","&nbsp;"
"taiwan (china)","23002","5548","4","&nbsp;"
"timor-leste","1081","306","4","&nbsp;"
"slovenia","2034","558","4","&nbsp;"
"netherlands","16433","4843","3","&nbsp;"
"macedonia the former yugoslav republic of","2049","587","3","&nbsp;"
"sweden","9214","2789","3","&nbsp;"
"spain","46501","14608","3","&nbsp;"
"armenia","3084","900","3","&nbsp;"
"china","1324708","370317","4","&nbsp;"
"lao people's democratic republic","5850","1865","3","&nbsp;"
"lithuania","3357","876","4","&nbsp;"
"nepal","26997","6846","4","&nbsp;"
"macao special administrative region (china)","551","210","3","&nbsp;"
"montenegro","627","256","2","&nbsp;"
"cambodia","14656","5935","2","&nbsp;"
"aland islands","27","10","3","&nbsp;"
"hungary","10034","4694","2","&nbsp;"
"benin","9309","4433","2","&nbsp;"
"austria","8352","3871","2","&nbsp;"
"germany","82170","35651","2","&nbsp;"
"denmark","5490","2482","2","&nbsp;"
"united kingdom of great britain and northern ireland","61291","28791","2","&nbsp;"
"russian federation","141875","52067","3","&nbsp;"
"slovakia","5405","2347","2","&nbsp;"
"chad","10111","3393","3","&nbsp;"
"sudan","39445","15354","3","&nbsp;"
"wallis and futuna islands","16","6","3","&nbsp;"
"singapore","4790","2542","2","&nbsp;"
"serbia","9545","6652","1","&nbsp;"
"norway","4762","4653","1","&nbsp;"
"portugal","10621","9332","1","&nbsp;"
"gambia","1559","1203","1","&nbsp;"
"czech republic","10428","7514","1","&nbsp;"
"finland","5285","5064","1","&nbsp;"
"bulgaria","7621","7598","1","&nbsp;"
"belarus","9678","5115","2","&nbsp;"
"switzerland","7633","4311","2","&nbsp;"
"cote d'ivoire","20677","11574","2","&nbsp;"
"indonesia","239945","197621","1","&nbsp;"
"hong kong special administrative region (china)","6990","4401","2","&nbsp;"
"croatia","4433","2970","1","&nbsp;"
"myanmar","49221","26797","2","&nbsp;"
"mongolia","2655","1399","2","&nbsp;"
"madagascar","18912","108066","0","&nbsp;"
"marshall islands","53","683","0","&nbsp;"
"moldova republic of","4136","11079","0","&nbsp;"
"mauritius","1268","4273","0","&nbsp;"
"malawi","13630","305090","0","&nbsp;"
"mexico","107677","616521","0","&nbsp;"
"malaysia","27711","50569","1","&nbsp;"
"mozambique","20387","236740","0","&nbsp;"
"namibia","2089","17104","0","&nbsp;"
"new caledonia","247","672","0","&nbsp;"
"northern mariana islands","87","231","0","&nbsp;"
"martinique","405","14724","0","&nbsp;"
"montserrat","10","1165","0","&nbsp;"
"norfolk island","2","43","0","&nbsp;"
"nigeria","148071","266705","1","&nbsp;"
"nicaragua","5669","102307","0","&nbsp;"
"nauru","10","20","1","&nbsp;"
"niue","1","14","0","&nbsp;"
"new zealand","4272","10569","0","&nbsp;"
"panama","3391","86944","0","&nbsp;"
"peru","27903","487935","0","&nbsp;"
"french polynesia","265","4905","0","&nbsp;"
"papua new guinea","6458","240296","0","&nbsp;"
"philippines","90457","620896","0","&nbsp;"
"haiti","9104","328029","0","&nbsp;"
"honduras","7322","219697","0","&nbsp;"
"india","1149285","1422326","1","&nbsp;"
"iceland","319","561","1","&nbsp;"
"jamaica","2692","239998","0","&nbsp;"
"kenya","37954","620520","0","&nbsp;"
"kiribati","98","2056","0","&nbsp;"
"saint kitts and nevis","48","2087","0","&nbsp;"
"cayman islands","54","3846","0","&nbsp;"
"korea republic of","48607","209017","0","&nbsp;"
"saint lucia","171","15064","0","&nbsp;"
"liberia","3942","24530","0","&nbsp;"
"lesotho","1801","6428","0","&nbsp;"
"latvia","2266","3950","1","&nbsp;"
"cook islands","11","769","0","&nbsp;"
"chile","16770","125420","0","&nbsp;"
"cameroon","18468","107946","0","&nbsp;"
"colombia","44447","263293","0","&nbsp;"
"costa rica","4519","60338","0","&nbsp;"
"cuba","11233","29096","0","&nbsp;"
"cape verde","503","6208","0","&nbsp;"
"belize","318","32091","0","&nbsp;"
"canada","33304","59354","1","&nbsp;"
"congo democratic republic of the","66515","525849","0","&nbsp;"
"central african republic","4435","9521","0","&nbsp;"
"bermuda","64","3707","0","&nbsp;"
"bolivia plurinational state of","10028","209130","0","&nbsp;"
"brazil","195138","1227005","0","&nbsp;"
"bahamas","337","17576","0","&nbsp;"
"botswana","1842","28601","0","&nbsp;"
"australia","21348","54130","0","&nbsp;"
"aruba","105","676","0","&nbsp;"
"barbados","280","17759","0","&nbsp;"
"netherlands antilles","199","8489","0","&nbsp;"
"angola","16752","340126","0","&nbsp;"
"argentina","39746","102320","0","&nbsp;"
"american samoa","70","1797","0","&nbsp;"
"antigua and barbuda","86","8159","0","&nbsp;"
"anguilla","15","767","0","&nbsp;"
"fiji","864","28241","0","&nbsp;"
"micronesia (federated states of)","108","1159","0","&nbsp;"
"faeroe islands","48","61","1","&nbsp;"
"ethiopia","79087","167961","0","&nbsp;"
"burundi","8856","113929","0","&nbsp;"
"dominica","73","6600","0","&nbsp;"
"dominican republic","9890","252703","0","&nbsp;"
"guadeloupe","456","12034","0","&nbsp;"
"equatorial guinea","617","2268","0","&nbsp;"
"guatemala","13677","206875","0","&nbsp;"
"guam","177","1232","0","&nbsp;"
"guinea-bissau","1746","1967","1","&nbsp;"
"guyana","773","53020","0","&nbsp;"
"grenada","106","12663","0","&nbsp;"
"french guiana","207","2308","0","&nbsp;"
"ghana","23947","346682","0","&nbsp;"
"gabon","1350","3258","0","&nbsp;"
"ecuador","13801","76437","0","&nbsp;"
"estonia","1340","1683","1","&nbsp;"
"palau","20","876","0","&nbsp;"
"paraguay","6230","15318","0","&nbsp;"
"reunion","812","1393","1","&nbsp;"
"romania","21498","67393","0","&nbsp;"
"puerto rico","3958","36620","0","&nbsp;"
"saint helena","6","80","0","&nbsp;"
"rwanda","9609","445556","0","&nbsp;"
"solomon islands","507","39252","0","&nbsp;"
"seychelles","87","852","0","&nbsp;"
"tokelau","1","4","0","&nbsp;"
"tonga","102","2288","0","&nbsp;"
"togo","6761","10474","1","&nbsp;"
"sierra leone","5450","17433","0","&nbsp;"
"suriname","500","3724","0","&nbsp;"
"sao tome and principe","158","2261","0","&nbsp;"
"el salvador","7218","188372","0","&nbsp;"
"swaziland","1129","4894","0","&nbsp;"
"turks and caicos islands","37","1804","0","&nbsp;"
"samoa","188","5783","0","&nbsp;"
"south africa","48315","86557","1","&nbsp;"
"zambia","12197","612644","0","&nbsp;"
"zimbabwe","13481","570754","0","&nbsp;"
"vanuatu","240","16499","0","&nbsp;"
"trinidad and tobago","1338","61987","0","&nbsp;"
"tuvalu","10","139","0","&nbsp;"
"tanzania united republic of","40213","406850","0","&nbsp;"
"ukraine","46237","61035","1","&nbsp;"
"uganda","29194","193210","0","&nbsp;"
"united states of america","304487","1021884","0","&nbsp;"
"uruguay","3334","6955","0","&nbsp;"
"saint vincent and the grenadines","110","13512","0","&nbsp;"
"venezuela bolivarian republic of","27935","197257","0","&nbsp;"
"british virgin islands","23","1432","0","&nbsp;"
"united states virgin islands","108","7958","0","&nbsp;"
