"Location","Language","Common&nbsp;name","PIER&nbsp;bibliographic&nbsp;reference","Comments"
"?","Chinese","duan ye shui wu gong","Zhengyi Wu/Raven Peter H./Deyuan Hong (2011)","&nbsp;"
"?","English","green kyllinga","Vander Velde Nancy (2003)&nbsp;(p.&nbsp;39)","&nbsp;"
"?","English","green water sedge","Vander Velde Nancy (2003)&nbsp;(p.&nbsp;39)","&nbsp;"
"?","English","perennial greenhead sedge","Herrera Katherine/Lorence David H./Flynn Timothy/Balick Michael J. (2010)&nbsp;(p.&nbsp;41)","&nbsp;"
"?","English","short kyllinga","Smith Nicholas M. (2002)&nbsp;(p.&nbsp;100)","&nbsp;"
"?","English","shortleaf spikesedge","Herrera Katherine/Lorence David H./Flynn Timothy/Balick Michael J. (2010)&nbsp;(p.&nbsp;41)","&nbsp;"
"?","Japanese","himekugu","Holm Leroy/Doll Jerry/Holm Eric/Pancho Jaun/Herberger James (1997)&nbsp;(p.&nbsp;272)","&nbsp;"
"?","Spanish","fosforito","Cardenas Juan/Reys Carlos E./Doll Jerry D./Pardo Fernando (1972)&nbsp;(p.&nbsp;83)","&nbsp;"
"?","Spanish","juncia corta","Hafliger E. (1092)&nbsp;(p.&nbsp;49)","&nbsp;"
"American Samoa Islands","Samoan","tuis&#275;","Whistler W. A. (1988)&nbsp;(p.&nbsp;43)","&nbsp;"
"Australia (continental)","English","Mullumbimby couch","Smith Nicholas M. (2002)&nbsp;(p.&nbsp;100)","&nbsp;"
"Chuuk Islands","Chuukese","nik&#233;mm&#233;w&#250;r","Merlin M./Juvik J. (1996)&nbsp;(p.&nbsp;99)","&nbsp;"
"Cook Islands","Maori (Cook Islands)","mauku &#145;&#333;ni&#257;ni","Whistler W. A. (1990)&nbsp;(p.&nbsp;378)","&nbsp;"
"Hawaiian Islands","Hawaiian","kaluh&#257;","Wagner Warren L./Herbst Derral R./Sohmer S. H. (1999)&nbsp;(p.&nbsp;1411)","&nbsp;"
"Hawaiian Islands","Hawaiian","kili&#145;o&#145;opu","Wagner Warren L./Herbst Derral R./Sohmer S. H. (1999)&nbsp;(p.&nbsp;1411)","&nbsp;"
"Hawaiian Islands","Hawaiian","manun&#275;n&#275;","Wagner Warren L./Herbst Derral R./Sohmer S. H. (1999)&nbsp;(p.&nbsp;1411)","&nbsp;"
"Hawaiian Islands","Hawaiian","mau&#145;u mokae","Wagner Warren L./Herbst Derral R./Sohmer S. H. (1999)&nbsp;(p.&nbsp;1411)","&nbsp;"
"Ifalik (Ifaluk) Atoll","Yapese","bwogorewau","Bishop Museum (Honolulu) (1948)","&nbsp;"
"Malaysia (country of)","English","short leaved kyllinga","Holm Leroy/Doll Jerry/Holm Eric/Pancho Jaun/Herberger James (1997)&nbsp;(p.&nbsp;272)","&nbsp;"
"Mangareva (Gambier) Island","Mangarevan","mutie iwa","St. John Harold (1988)&nbsp;(p.&nbsp;9)","&nbsp;"
"Ma&#145;uke Island","Maori (Cook Islands)","tumu &#145;enua","McCormack Gerald (2011)","&nbsp;"
"Palau Islands (main island group)","Palauan","deus","Fosberg F. R./Otobed D./Sachet M.-H./Oliver R. L./Powell D. A./Canfield J. E. (1980)&nbsp;(p.&nbsp;9)","&nbsp;"
"Palau Islands (main island group)","Palauan","esechesiding","Fosberg F. R./Otobed D./Sachet M.-H./Oliver R. L./Powell D. A./Canfield J. E. (1980)&nbsp;(p.&nbsp;9)","&nbsp;"
"Puluwat (Pwonow&#243;t) Atoll","Chuukese","pwukaringah","Manner H. I./Mallon E. (1989)&nbsp;(p.&nbsp;36)","&nbsp;"
"Satawal Island","Satawalese","fithin nar","Fosberg F. R. (1969)&nbsp;(p.&nbsp;4)","&nbsp;"
"Tahiti Island","Tahitian","mo&#145;u upo&#145lo","World Health Organization (1998)&nbsp;(p.&nbsp;107)","&nbsp;"
"Ta&#145;u Island","Samoan","tuse","Yuncker T. G. (1945)&nbsp;(p.&nbsp;25)","&nbsp;"
"Tonga Islands","Tongan","pakopako","Whistler W. A. (1988)&nbsp;(p.&nbsp;43)","&nbsp;"
"Western Samoa Islands","Samoan","tuis&#275;","Whistler W. A. (1988)&nbsp;(p.&nbsp;43)","&nbsp;"
"Yap (Waqab) Island","Yapese","nikamoyr","Stemmermann Lani (1981)&nbsp;(p.&nbsp;37)","&nbsp;"
