"Language","Common&nbsp;name","Location","PIER&nbsp;bibliographic&nbsp;reference","Comments"
"Chinese","duan ye shui wu gong","?","Zhengyi Wu/Raven Peter H./Deyuan Hong (2011)","&nbsp;"
"Chuukese","nik&#233;mm&#233;w&#250;r","Chuuk Islands","Merlin M./Juvik J. (1996)&nbsp;(p.&nbsp;99)","&nbsp;"
"Chuukese","pwukaringah","Puluwat (Pwonow&#243;t) Atoll","Manner H. I./Mallon E. (1989)&nbsp;(p.&nbsp;36)","&nbsp;"
"English","green kyllinga","?","Vander Velde Nancy (2003)&nbsp;(p.&nbsp;39)","&nbsp;"
"English","green water sedge","?","Vander Velde Nancy (2003)&nbsp;(p.&nbsp;39)","&nbsp;"
"English","Mullumbimby couch","Australia (continental)","Smith Nicholas M. (2002)&nbsp;(p.&nbsp;100)","&nbsp;"
"English","perennial greenhead sedge","?","Herrera Katherine/Lorence David H./Flynn Timothy/Balick Michael J. (2010)&nbsp;(p.&nbsp;41)","&nbsp;"
"English","short kyllinga","?","Smith Nicholas M. (2002)&nbsp;(p.&nbsp;100)","&nbsp;"
"English","short leaved kyllinga","Malaysia (country of)","Holm Leroy/Doll Jerry/Holm Eric/Pancho Jaun/Herberger James (1997)&nbsp;(p.&nbsp;272)","&nbsp;"
"English","shortleaf spikesedge","?","Herrera Katherine/Lorence David H./Flynn Timothy/Balick Michael J. (2010)&nbsp;(p.&nbsp;41)","&nbsp;"
"Hawaiian","kaluh&#257;","Hawaiian Islands","Wagner Warren L./Herbst Derral R./Sohmer S. H. (1999)&nbsp;(p.&nbsp;1411)","&nbsp;"
"Hawaiian","kili&#145;o&#145;opu","Hawaiian Islands","Wagner Warren L./Herbst Derral R./Sohmer S. H. (1999)&nbsp;(p.&nbsp;1411)","&nbsp;"
"Hawaiian","manun&#275;n&#275;","Hawaiian Islands","Wagner Warren L./Herbst Derral R./Sohmer S. H. (1999)&nbsp;(p.&nbsp;1411)","&nbsp;"
"Hawaiian","mau&#145;u mokae","Hawaiian Islands","Wagner Warren L./Herbst Derral R./Sohmer S. H. (1999)&nbsp;(p.&nbsp;1411)","&nbsp;"
"Japanese","himekugu","?","Holm Leroy/Doll Jerry/Holm Eric/Pancho Jaun/Herberger James (1997)&nbsp;(p.&nbsp;272)","&nbsp;"
"Mangarevan","mutie iwa","Mangareva (Gambier) Island","St. John Harold (1988)&nbsp;(p.&nbsp;9)","&nbsp;"
"Maori (Cook Islands)","mauku &#145;&#333;ni&#257;ni","Cook Islands","Whistler W. A. (1990)&nbsp;(p.&nbsp;378)","&nbsp;"
"Maori (Cook Islands)","tumu &#145;enua","Ma&#145;uke Island","McCormack Gerald (2011)","&nbsp;"
"Palauan","deus","Palau Islands (main island group)","Fosberg F. R./Otobed D./Sachet M.-H./Oliver R. L./Powell D. A./Canfield J. E. (1980)&nbsp;(p.&nbsp;9)","&nbsp;"
"Palauan","esechesiding","Palau Islands (main island group)","Fosberg F. R./Otobed D./Sachet M.-H./Oliver R. L./Powell D. A./Canfield J. E. (1980)&nbsp;(p.&nbsp;9)","&nbsp;"
"Samoan","tuis&#275;","American Samoa Islands","Whistler W. A. (1988)&nbsp;(p.&nbsp;43)","&nbsp;"
"Samoan","tuis&#275;","Western Samoa Islands","Whistler W. A. (1988)&nbsp;(p.&nbsp;43)","&nbsp;"
"Samoan","tuse","Ta&#145;u Island","Yuncker T. G. (1945)&nbsp;(p.&nbsp;25)","&nbsp;"
"Satawalese","fithin nar","Satawal Island","Fosberg F. R. (1969)&nbsp;(p.&nbsp;4)","&nbsp;"
"Spanish","fosforito","?","Cardenas Juan/Reys Carlos E./Doll Jerry D./Pardo Fernando (1972)&nbsp;(p.&nbsp;83)","&nbsp;"
"Spanish","juncia corta","?","Hafliger E. (1092)&nbsp;(p.&nbsp;49)","&nbsp;"
"Tahitian","mo&#145;u upo&#145lo","Tahiti Island","World Health Organization (1998)&nbsp;(p.&nbsp;107)","&nbsp;"
"Tongan","pakopako","Tonga Islands","Whistler W. A. (1988)&nbsp;(p.&nbsp;43)","&nbsp;"
"Yapese","bwogorewau","Ifalik (Ifaluk) Atoll","Bishop Museum (Honolulu) (1948)","&nbsp;"
"Yapese","nikamoyr","Yap (Waqab) Island","Stemmermann Lani (1981)&nbsp;(p.&nbsp;37)","&nbsp;"
