"formats","formats","amazon price","amazon price","new from","used from"
"","kindle edition","--","&nbsp;","$10.99","--"
"NULL","see # more kindle books","see # more kindle books","see # more kindle books","see # more kindle books","see # more kindle books"
"NULL","show fewer kindle books","show fewer kindle books","show fewer kindle books","show fewer kindle books","show fewer kindle books"
"","hardcover","--","&nbsp;","--","--"
"","paperback","$19.00","&nbsp;","--","--"
"NULL","see # more paperbacks","see # more paperbacks","see # more paperbacks","see # more paperbacks","see # more paperbacks"
"NULL","show fewer paperbacks","show fewer paperbacks","show fewer paperbacks","show fewer paperbacks","show fewer paperbacks"
"","mass market paperback","--","&nbsp;","--","--"
