"NULL","NULL","NULL","NULL"
"&nbsp;","Name","","&nbsp;"
"NULL","NULL","NULL","NULL"
"&nbsp;","Organisation","","&nbsp;"
"NULL","NULL","NULL","NULL"
"&nbsp;","Designation","","&nbsp;"
"NULL","NULL","NULL","NULL"
"&nbsp;","Address","","&nbsp;"
"NULL","NULL","NULL","NULL"
"&nbsp;","Phone number","","&nbsp;"
"NULL","NULL","NULL","NULL"
"&nbsp;","Fax number","","&nbsp;"
"NULL","NULL","NULL","NULL"
"&nbsp;","Mobile number","","&nbsp;"
"NULL","NULL","NULL","NULL"
"&nbsp;","e-mail address","","&nbsp;"
"NULL","NULL","NULL","NULL"
"&nbsp;","Comments","","&nbsp;"
"&nbsp;","&nbsp;","","&nbsp;"
