"NULL","0031&nbsp;","0031&nbsp; PLAYBACK&nbsp; FALANDO S&Eacute;RIO"
"NULL","0032","0032&nbsp; PLAYBACK&nbsp; NEGRO GATO"
"NULL","0033","0033 PLAYBACK NOSSA CAN&Ccedil;&Atilde;O"
"NULL","0034","0034 PLAYBACK OUTRA VEZ"
"NULL","0035","0035 PLAYBACK CANZONE PER TE"
"NULL","0036","0036 PLAYBACK COMO VAI VOC&Ecirc;"
"NULL","0037","0037 PLAYBACK FOR&Ccedil;A ESTRANHA"
"NULL","0038","0038 PLAYBACK ESQUE&Ccedil;A"
"NULL","0039","0039 PLAYBACK S&Oacute; VOU GOSTAR DE QUEM GOSTA DE MIM"
"NULL","0040","0040 PLAYBACK VOC&Ecirc; N&Atilde;O SERVE PRA MIM"
