"anderson brenda - physicians to children incorporated21 highland ave se # 100 roanoke va(540) 344-9213","botetourt health center21 academy st fincastle va(540) 473-8240"
"boxley hill clinic incorporated5501 williamson rd roanoke va(540) 362-1616","carilion breast care center102 highland ave se roanoke va(540) 224-6920"
"carilion lactation center101 elm ave se roanoke va(540) 985-9088","carilion mammography screening6415 peters creek rd roanoke va(540) 265-5545"
"dgs audiology clinic112 kirk ave sw roanoke va(540) 342-8747","fmc friendship manor dialysis331 hershberger rd roanoke va(540) 561-0870"
"ge medical systems1770 meadows rd vinton va(540) 345-8100","institute innovations incorporated117 church ave sw roanoke va(540) 581-0123"
"overstreet lisa - carilion wound care center101 elm ave se roanoke va(540) 224-4325","roanoke civic center710 williamson rd ne roanoke va(540) 853-2241"
"roanoke medical ctr for women1119 2nd st sw roanoke va(540) 981-1246","salvation army community center724 dale ave se roanoke va(540) 345-4483"
"starmount clinic7533 williamson rd roanoke va(540) 362-1676","teass jefferson k dc - vinton chiropractic clinic300 w virginia ave vinton va(540) 982-2920"
"thompson lou - carilion family medicine46 wesley rd daleville va(540) 992-4100","valley view4910 valley view blvd nw roanoke va(540) 265-1600"
