"wrestler","height","weight"
"akeem/one man gang","6'9&quot;","457 lbs."
"andre the giant","6'11&quot;","520 lbs."
"arn anderson","6'0&quot;","249 lbs."
"bad news brown","unknown","271 lbs."
"bam bam bigelow","6'3&quot;","368 lbs."
"barry horowitz","5'10&quot;","227 lbs."
"bart gunn","6'5&quot;","260 lbs."
"batista","6'6&quot;","317 lbs."
"big daddy","6'6&quot;","350 lbs."
"big show","7'1&quot;","400 lbs."
"bill goldberg","6'4","290 lbs."
"billy gunn","6'5&quot;","254 lbs."
"billy/benny mcguire","--","1598(total) lbs."
"blackjack bradshaw","6'9&quot;","309 lbs."
"blackjack wyndham","6'5&quot;","273 lbs."
"bob backlund","6'1&quot;","234 lbs."
"bob holly","6'1&quot;","231 lbs."
"bret hart","6'0&quot;","234 lbs."
"brian christopher","5'10&quot;","230 lbs."
"brian nobbs","6'1&quot;","295 lbs."
"brian pillman","6'0&quot;","226 lbs."
"british bulldog","5'10&quot;","253 lbs."
"brock lesnar","6'4","295 lbs."
"brooklyn brawler","6'0&quot;","231 lbs."
"bruce","5'9&quot;","212 lbs."
"brutus beefcake","6'4&quot;","271 lbs."
"buff bagwell","6'1&quot;","240 lbs."
"bushwacker butch","6'0&quot;","255 lbs."
"bushwacker luke","6'1&quot;","244 lbs."
"chris benoit","5'10&quot;","218 lbs."
"crush","6'6&quot;","318 lbs."
"curt hennig","6'3&quot;","257 lbs."
"dean douglas","6'0&quot;","223 lbs."
"dean malenko","5'9&quot;","216 lbs."
"ddp","6'5&quot;","260 lbs."
"disco inferno","6'0&quot;","238 lbs."
"don muraco","6'3&quot;","270 lbs."
"doug furnas","5'11&quot;","243 lbs."
"duke droese","6'5&quot;","306 lbs."
"dusty rhodes","6'3&quot;","289 lbs."
"earthquake","6'4&quot;","462 lbs."
"eddy guerrero","5'8&quot;","221 lbs."
"the executioner","6'4&quot;","289 lbs."
"fatu","6'1&quot;","401 lbs."
"faarooq","6'3&quot;","272 lbs."
"flash funk","5'11&quot;","235 lbs."
"freddie joe floyd","6'1&quot;","227 lbs."
"gene snitsky","6'4&quot;","300 lbs."
"the genius","6'0","252 lbs."
"giant gonzales","7'7&quot;","435 lbs."
"giant haystacks","6'11&quot;","685 lbs."
"gorilla monsoon","6'6&quot;","400 lbs."
"giant silva","7'3&quot;","403 lbs."
"greg &quot;the hammer&quot; valentine","6'0&quot;","248 lbs."
"hacksaw jim duggan","6'3&quot;","280 lbs."
"haku","6'0&quot;","273 lbs."
"headbanger mosh","6'0&quot;","243 lbs."
"headbanger thrasher","6'2&quot;","242 lbs."
"henry o. godwinn","6'7&quot;","288 lbs."
"hercules","6'1","275 lbs."
"hillbilly jim","6'7&quot;","286 lbs."
"honky tonk man","6'1&quot;","258 lbs."
"hulk hogan","6'8&quot;","303 lbs."
"hunter hearst helmsley","6'4&quot;","246 lbs."
"iron shiek","6'0&quot;","262 lbs."
"irwin r. sheister","6'3&quot;","248 lbs."
"jake &quot;the snake&quot; roberts","6'5&quot;","253 lbs."
"jeff jarrett","5'10&quot;","230 lbs."
"jerry saggs","6'3&quot;","290 lbs."
"jerry lawler","6'0&quot;","234 lbs."
"jesse james","6'4&quot;","240 lbs."
"jesse ventura","6'4&quot;","245 lbs."
"jim duggan","6'3&quot;","280 lbs."
"jimmy hart","5'10","166 lbs."
"jimmy &quot;superfly&quot; snuka","6'0&quot;","250 lbs."
"jim neidhart","6'1&quot;","281 lbs."
"john cena","6'1&quot;","248 lbs."
"josh mathews","5'9&quot;","143 lbs."
"kamala","6'7&quot;","345 lbs."
"kama mustafaa","6'6&quot;","340 lbs."
"kane","6'9&quot;","320 lbs."
"ken shamrock","6'0","235 lbs."
"kevin nash","6'11&quot;","356 lbs."
"king kong bundy","6'4&quot;","446 lbs."
"koko b. ware","5'9&quot;","229 lbs."
"konnan","5'10&quot;","237 lbs."
"leif cassidy","6'1&quot;","231 lbs."
"lex luger","6'5&quot;","265 lbs."
"mabel","6'10&quot;","568 lbs."
"mankind","6'3&quot;","287 lbs."
"marc mero","6'1&quot;","235 lbs."
"mark jindrak","6'6&quot;","271 lbs."
"marty jannetty","5'11&quot;","230 lbs."
"meng","6'0&quot;","273 lbs."
"mo","6'1&quot;","285 lbs."
"mr. fuji","unknown","249 lbs."
"mr. hughes","6'5&quot;","308 lbs."
"nailz","6'5&quot;","271 lbs."
"owen hart","5'11&quot;","227 lbs."
"paul roma","5'11&quot;","235 lbs."
"philip lafon","5'11&quot;","235 lbs."
"phinneas i. godwinn","6'7&quot;","310 lbs."
"randy savage","6'2&quot;","245 lbs."
"raven","6'1&quot;","235 lbs."
"razor ramon (fake)","6'5&quot;","285 lbs."
"red rooster","unknown","240 lbs."
"rey mysterio jr","5'3&quot;","140 lbs."
"ric flair","6'1&quot;","243 lbs."
"rick martel","6'0&quot;","234 lbs."
"rick rude","6'3&quot;","251 lbs."
"rick steiner","5'11&quot;","248 lbs."
"rob van dam","6'0","227 lbs."
"rock the","6'5&quot;","?? lbs."
"ronnie garvin","unknown","242 lbs."
"savio vega","5'10&quot;","256 lbs."
"scott hall","6'8&quot;","290 lbs."
"scott norton","6'3&quot;","340 lbs."
"scott steiner","6'1&quot;","235 lbs."
"sgt. slaughter","6'3&quot;","310 lbs."
"shawn michaels","6'0&quot;","235 lbs."
"skip","5'8&quot;","226 lbs."
"spike dudley","5'6&quot;","155 lbs."
"stone cold steve steve austin","6'3&quot;","256 lbs."
"the sultan","6'2&quot;","260 lbs."
"sycho sid","6'10&quot;","313 lbs."
"syxx(now known as x-pac)","6'2&quot;","212 lbs."
"tatanka","6'1&quot;","250 lbs."
"terry funk","6'1&quot;","247 lbs."
"test","6'6&quot;","282 lbs."
"texas tornado","6'2&quot;","254 lbs."
"tito santana","6'1&quot;","244 lbs."
"t.l. hopper","6'1&quot;","235 lbs."
"tyson tomko","6'6&quot;","292 lbs."
"tugboat/typhoon","6'7","384 lbs."
"ultimate warrior","6'2&quot;","275 lbs."
"uncle elmer","7'2&quot;","450 lbs."
"the undertaker","6'10&quot;","328 lbs."
"vader","6'6&quot;","452 lbs."
"vince","6'2&quot;","250 lbs."
"yokozuna","6'4&quot;","621 lbs."
"zeus","6'0&quot;","231 lbs."
"zip-the bodydonnas","6'6&quot;","300 lbs."
