"scientific name","common name","state rank","global rank"
"acer saccharum","sugar maple","s3","g5"
"acorus americanus","american sweetflag","sh","g5"
"actaea pachypoda","white baneberry","s1","g5"
"adiantum pedatum","northern maidenhair-fern","s3","g5"
"adlumia fungosa","climbing fumitory","sx","g4"
"aeschynomene virginica","sensitive joint-vetch","sx","g2"
"agalinis fasciculata","fascicled false-foxglove","sh","g5"
"(agalinis virgata)","NULL","NULL","NULL"
"agalinis linifolia","flaxleaf false-foxglove","s1.1","g4?"
"agalinis maritima","saltmarsh false-foxglove","s3","g5"
"agalinis obtusifolia","ten-lobe false-foxglove","sh","g4g5q"
"agalinis setacea","thread-leaved gerardia","s1","g5?"
"agalinis tenuifolia","slender false-foxglove","s1","g5"
"agastache nepetoides","yellow giant hyssop","s2","g5"
"agastache scrophulariifolia","purple giant hyssop","sh","g4"
"ageratina aromatica","lesser snakeroot","sh","g4g5t?"
"(eupatorium aromaticum)","NULL","NULL","NULL"
"agrimonia gryposepala","tall hairy groovebur","s1","g5"
"agrimonia pubescens","soft groovebur","s3","g5"
"agrimonia rostellata","woodland agrimony","s2","g5"
"agrimonia striata","roadside agrimony","s1","g5"
"aletris farinosa","white-tubed colicroot","s3","g5"
"allium tricoccum","small white leek","s3","g5"
"alnus maritima","seaside alder","s3","g3"
"amaranthus pumilus","seabeach amaranth","s1.1","g2"
"amelanchier obovalis","obovate coastal juneberry","sh","g4g5"
"amianthium muscitoxicum","fly-poison","s2","g4g5"
"ammannia coccinea","toothcup ammannia","sh","g5"
"(ammannia teres)","NULL","NULL","NULL"
"amphicarpum purshii","blue maiden-cane","s2","g4"
"anagallis minima","chaffweed","sh","g5"
"anaphalis margaritacea","pearly everlasting","sh","g5"
"andropogon gerardii","big bluestem","s3","g5"
"anemone virginiana","virginia anemone","s3","g5"
"angelica atropurpurea","great angelica","s1.1","g5"
"angelica venenosa","hairy angelica","s2","g5"
"antennaria howellii ssp. neodioica","pussytoes","s1","g4g5t?"
"(antennaria neodioica)","NULL","NULL","NULL"
"aplectrum hyemale","puttyroot","s2","g5"
"apocynum androsaemifolium","spreading dogbane","s1","g5"
"apocynum sibiricum","clasping-leaved dogbane","sh","g5?"
"aquilegia canadensis","wild columbine","s2","g5"
"arabis canadensis","sicklepod","s2","g5"
"arabis drummondii","drummond's rockcress","sh","g5"
"arabis glabra","tower-mustard","sh","g5"
"arabis laevigata","smooth rock-cress","s1","g5t5"
"arabis lyrata","lyre-leaf rockcress","s1","g5"
"aralia racemosa","american spikenard","s3","g5"
"arctostaphylos uva-ursi","bearberry","s1.1","g5"
"arethusa bulbosa","dragon's mouth orchid","sh","g4"
"arisaema dracontium","green dragon","s2","g5"
"aristida lanosa","woolly three-awn","sh","g5"
"aristida virgata","wand-like three-awn grass","s1","g5t4t5"
"aristolochia serpentaria","virginia snakeroot","s3","g5"
"arnica acaulis","leopard's-bane","sh","g5"
"arnoglossum atriplicifolium","pale indian-plantain","s1","g4g5"
"(cacalia atriplicifolia)","NULL","NULL","NULL"
"aronia melanocarpa","black chokeberry","sh","g5"
"aronia prunifolia","purple chokeberry","s1","g4g5q"
"(aronia x prunifolia)","NULL","NULL","NULL"
"asclepias exaltata","poke milkweed","s2","g5"
"asclepias incarnata ssp. incarnata","marsh milkweed","sh","g5t5"
"asclepias lanceolata","smooth orange milkweed","s1","g5"
"asclepias longifolia","long-leaf milkweed","sx","g4g5"
"asclepias purpurascens","purple milkweed","s2","g4g5"
"asclepias quadrifolia","four-leaved milkweed","sh","g5"
"asclepias rubra","red milkweed","s1","g4g5"
"asclepias variegata","white milkweed","s1","g5"
"asclepias verticillata","whorled milkweed","sh","g5"
"asplenium rhizophyllum","walking-fern spleenwort","sx","g5"
"asplenium trichomanes","maidenhair spleenwort","s1.1","g5t5"
"aster concolor","eastern silvery aster","sh","g4?"
"aster dumosus","bushy aster","s1","g5"
"aster ericoides","white heath aster","sh","g5"
"aster fragilis","small white aster","s3","g4g5"
"(aster vimineus)","NULL","NULL","NULL"
"aster gracilis","slender aster","s3","g4"
"aster laevis","smooth blue aster","s1.1","g5"
"aster nemoralis","bog aster","sx","g5"
"aster prenanthoides","crooked-stem aster","s1","g4g5"
"aster radula","rough-leaf aster","sh","g5"
"aster schreberi","schreber's aster","s2","g4"
"aster spectabilis","showy aster","s1","g5"
"aster umbellatus","flat-top white aster","s1","g5"
"atriplex arenaria","seabeach orach","s3","g5"
"aureolaria flava","yellow false-foxglove","s1","g5t?"
"aureolaria pedicularia","fernleaf yellow false-foxglove","s1","g5t4"
"bartonia paniculata","twining bartonia","s2","g5t5"
"betula populifolia","gray birch","s3","g5"
"bidens bidentoides","maryland bur-marigold","s1","g3"
"bidens connata","purple-stem swamp beggar-ticks","s3","g5"
"bidens coronata","tickseed sunflower","s3","g5"
"bidens mitis","small-fruit beggar-ticks","s2","g4?"
"bidens vulgata","tall bur-marigold","s1.1","g5"
"blephilia ciliata","downy woodmint","sh","g5"
"blephilia hirsuta","hairy woodmint","sh","g5?"
"boltonia asteroides","aster-like boltonia","s2","g5"
"botrychium matricariifolium","chamomile grape-fern","s1","g5"
"botrychium oneidense","blunt-lobe grape-fern","s1.1","g4q"
"brachyelytrum erectum","bearded short-husk","s3","g5"
"brasenia schreberi","watershield","s3","g5"
"bromus latiglumis","riverbank brome","s1.1","g5"
"(bromus altissimus)","NULL","NULL","NULL"
"bromus pubescens","hairy wood brome grass","s2","g5q"
"buchnera americana","bluehearts","sh","g5?"
"calamagrostis canadensis","blue-joint reedgrass","s1","g5"
"callitriche palustris","vernal water-starwort","s3","g5"
"callitriche terrestris","terrestrial water-starwort","s3","g5"
"calopogon tuberosus","tuberous grass-pink","s1","g5"
"caltha palustris","marsh marigold","s2","g5"
"calystegia spithamaea","low bindweed","s1","g4g5t?"
"campanula aparinoides","marsh bellflower","s2","g5"
"cardamine angustata","slender toothwort","s2","g5"
"(dentaria heterophylla)","NULL","NULL","NULL"
"cardamine longii","long's bitter-cress","s1","g3q"
"cardamine parviflora var. arenicola","small-flower bitter-cress","s3","g5t?"
"cardamine rotundifolia","roundleaf water cress","s1.1","g4"
"carex aggregata","glomerate sedge","s3","g5"
"(carex sparganioides var. aggregata)","NULL","NULL","NULL"
"carex argyrantha","hay sedge","sh","g5"
"carex barrattii","barratt's sedge","s3","g3g4"
"carex bicknellii","bicknel's sedge","sx","g5"
"carex brevior","fescue sedge","sx","g5?"
"carex bromoides","brome-like sedge","s1","g5"
"carex bullata","button sedge","s3","g5"
"carex bushii","bush's sedge","s2","g4"
"carex buxbaumii","buxbaum's sedge","s1.1","g5"
"carex collinsii","collins' sedge","s3","g4"
"carex communis","fibrous-root sedge","s3","g5"
"carex conoidea","field sedge","sh","g4"
"carex cristatella","crested sedge","sh","g5"
"carex davisii","davis' sedge","s1","g4"
"carex decomposita","cypress-knee sedge","s1","g3"
"carex emoryi","emory's sedge","s1.1","g5"
"carex exilis","coast sedge","s1","g5"
"carex gigantea","giant sedge","s3","g4"
"carex gracilescens","slender sedge","s2","g5?"
"carex gracillima","graceful sedge","s3","g5"
"carex granularis","meadow sedge","s2","g5"
"carex grisea","a sedge","s1","g5t?"
"carex gynandra","sedge","s2","g5"
"carex hirtifolia","pubescent sedge","s3","g5"
"carex joorii","cypress-swamp sedge","s2","g4g5"
"carex lacustris","lake-bank sedge","s1","g5"
"carex leptalea ssp. harperi","coastal plain bristly-stalk sedge","s3","g5t?"
"carex leptalea ssp. leptalea","piedmont bristly-stalk sedge","s1","g5t?"
"carex limosa","mud sedge","sx","g5"
"carex lupuliformis","false hop sedge","s1","g3g4"
"carex meadii","mead's sedge","sh","g4g5"
"carex mitchelliana","mitchell's sedge","s2","g3g4"
"carex molesta","troublesome sedge","sh","g4"
"carex oligocarpa","eastern few-fruit sedge","sh","g4"
"carex pedunculata","longstalk sedge","sh","g5"
"carex pellita","woolly sedge","s2","g5"
"carex planispicata","sedge","s1.1","g4q"
"carex polymorpha","variable sedge","sx","g3"
"carex retroflexa","reflexed sedge","s1","g5"
"carex scabrata","rough sedge","s1","g5"
"carex silicea","seabeach sedge","s3","g5"
"carex sparganioides","bur-reed sedge","s2","g5"
"carex sprengelii","longbeak sedge","sh","g5?"
"carex squarrosa","squarrose sedge","s2","g4g5"
"carex straminea","straw sedge","s1","g5"
"carex striatula","lined sedge","s1","g4g5"
"carex torta","twisted sedge","s2","g5"
"carex trichocarpa","hairy-fruit sedge","s2","g4"
"carex trisperma","three-seed sedge","sh","g5"
"carex typhina","cat-tail sedge","s3","g5"
"carex utriculata","sedge","sh","g5"
"carex venusta var. minor","dark green sedge","s2","g4t4"
"carex vesicaria","inflated sedge","s1.1","g5t?"
"carex vestita","velvety sedge","s1","g5"
"carex willdenowii","willdenow's sedge","s1.1","g5"
"castanea dentata","american chestnut","s3","g4"
"castanea pumila","allegheny chinquapin","s3","g5t5?"
"castilleja coccinea","scarlet indian-paintbrush","sx","g5"
"caulophyllum thalictroides","blue cohosh","s3","g5"
"ceanothus americanus","new jersey tea","s2","g5"
"celastrus scandens","climbing bittersweet","s1","g5"
"centella erecta","erect coinleaf","s3","g5"
"centrosema virginianum","coastal butterfly-pea","sh","g5"
"cerastium arvense var. villosum","mouse-ear chickweed","s1","g5t4?"
"cerastium nutans","nodding chickweed","s1","g5"
"ceratophyllum echinatum","prickly hornwort","s3","g4?"
"cercis canadensis","eastern redbud","sh","g5t?"
"chaerophyllum procumbens","spreading chervil","s2","g5t?"
"chamaedaphne calyculata var. angustifolia","leatherleaf","sh","g5t?"
"chamaelirium luteum","devil's-bit","s1","g5"
"chasmanthium latifolium","indian sea-oats","sh","g5"
"cheilanthes lanosa","hairy lipfern","sx","g5"
"chimaphila umbellata ssp. cisatlantica","common wintergreen","s2","g5t5"
"cicuta bulbifera","bulb-bearing water-hemlock","s1","g5"
"cirsium altissimum","tall thistle","sh","g5"
"cirsium muticum","swamp thistle","sh","g5"
"cirsium virginianum","virginia thistle","sx","g3"
"cleistes divaricata","spreading pogonia","sx","g4"
"clematis occidentalis","purple clematis","sx","g5t5"
"clematis viorna","vase-vine leatherflower","sx","g5"
"clitoria mariana","maryland butterfly-pea","s2","g5"
"coelorachis rugosa","wrinkled jointgrass","s1","g5"
"(manisuris rugosa)","NULL","NULL","NULL"
"commelina erecta","slender dayflower","s1","g5t5"
"(includes variety angustifolia)","NULL","NULL","NULL"
"commelina virginica","virginia day-flower","s1","g5"
"comptonia peregrina","sweet fern","s1","g5"
"conoclinium coelestinum","mist-flower","s3","g5"
"(eupatorium coelestinum)","NULL","NULL","NULL"
"conopholis americana","squaw-root","s2","g5"
"corallorhiza maculata","spotted coralroot","sh","g5"
"corallorhiza odontorhiza","autumn coral-root","s1","g5"
"corallorhiza wisteriana","spring coralroot","sh","g5"
"coreopsis rosea","rose coreopsis","s1","g3"
"cornus alternifolia","alternate-leaf dogwood","s3","g5"
"cornus foemina","marsh dogwood","s2","g5"
"(cornus stricta)","NULL","NULL","NULL"
"cornus racemosa","stiff dogwood","sh","g5?"
"(cornus foemina ssp. racemosa)","NULL","NULL","NULL"
"cornus sericea","red-osier dogwood","sh","g5"
"corydalis flavula","yellow corydalis","s1.1","g5"
"corylus cornuta","beaked hazelnut","s1.1","g5t5"
"crataegus punctata","dotted hawthorn","sh","g5"
"crataegus viridis","green hawthorn","sh","g5"
"cunila origanoides","common dittany","s2","g5"
"cuphea viscosissima","blue waxweed","s2","g5?"
"cuscuta polygonorum","smartweed dodder","s1.1","g5"
"cynoglossum virginianum","wild comfrey","s3","g5t5"
"cyperus compressus","poorland flatsedge","sh","g5"
"cyperus dentatus","toothed sedge","sh","g4"
"cyperus diandrus","umbrella flatsedge","s1","g5"
"cyperus engelmannii","engelmann's umbrella-sedge","s2","g4q"
"cyperus hystricinus","flatsedge","sh","g4"
"cyperus lancastriensis","lancaster's flatsedge","sh","g5"
"cyperus plukenetii","plukenet's cyperus","sh","g5"
"cyperus refractus","abruptly bent backed flatsedge","s2","g5"
"cyperus retrofractus","rough flatsedge","sh","g5"
"cyperus squarrosus","umbrella-sedge","s1.1","g5"
"(cyperus aristatus)","NULL","NULL","NULL"
"cypripedium pubescens","large yellow lady's-slipper","s1","g5"
"cystopteris protrusa","lowland brittle fern","s2","g5"
"(cystopteris fragilis var. protrusa)","NULL","NULL","NULL"
"cystopteris tennesseensis","tennessee bladderfern","s1.1","g5"
"cystopteris tenuis","bladderfern","s2","g4g5"
"(cystopteris fragilis var. mackayi)","NULL","NULL","NULL"
"danthonia compressa","flattened oatgrass","s1","g5"
"danthonia sericea","silky oat-grass","s3","g5?"
"decumaria barbara","climbing hydrangea","s1.1","g5"
"desmodium canadense","showy tick-trefoil","sh","g5"
"desmodium canescens","hoary tick-trefoil","s1","g5"
"desmodium cuspidatum","toothed tick-trefoil","sh","g5t?"
"desmodium glabellum","dillen's tick-trefoil","s1","g5"
"desmodium glutinosum","large tick-trefoil","s2","g5"
"desmodium humifusum","trailing tick-trefoil","sh","g1g2q"
"desmodium laevigatum","smooth tick-trefoil","s3","g5"
"desmodium nuttallii","nuttall's tick-trefoil","s3","g5"
"desmodium obtusum","stiff tick-trefoil","s1","g4g5"
"desmodium ochroleucum","creamflower tick-trefoil","sh","g2g3"
"desmodium rotundifolium","prostrate tick-trefoil","s3","g5"
"desmodium strictum","pineland tick-trefoil","s2","g4"
"dichanthelium aciculare","needle-leaf witchgrass","s1","g4g5"
"dichanthelium columbianum","hemlock panicgrass","s1","g5"
"{dichanthelium dichotomum var. 2|(= ramulosum)}","panic grass","sh","g?"
"{dichanthelium dichotomum var. 3|(= roanokense)}","panic grass","s3","g?"
"{dichanthelium dichotomum var. 4|(= yadkinense)}","panic grass","s1","g?"
"dichanthelium dichotomum var. tenue","panic grass","sh","g5t?"
"dichanthelium hirstii","hirst's panic grass","s1.1","g1"
"dichanthelium linearifolium","slim-leaf witchgrass","sh","g5"
"dichanthelium longiligulatum","long-ligule witchgrass","sh","g4g5q"
"dichanthelium oligosanthes","heller's witchgrass","s1","g5t5?"
"(includes variety scribnerianum)","NULL","NULL","NULL"
"dichanthelium ravenelii","ravenel's witchgrass","s2","g5"
"dichanthelium scabriusculum","panic grass","s1","g4"
"dichanthelium villosissimum","white-hair witchgrass","sh","g5t5"
"dichanthelium wrightianum","wright's witchgrass","s2","g4"
"diervilla lonicera","northern bush-honeysuckle","s1","g5"
"diphasiastrum tristachyum","deep-root clubmoss","s3","g5"
"(lycopodium tristachyum)","NULL","NULL","NULL"
"diplazium pycnocarpon","glade fern","s1.1","g5"
"dirca palustris","eastern leatherwood","s1.1","g4"
"doellingeria umbellata","cornel-leaf aster","s1","g5"
"(aster infirmus)","NULL","NULL","NULL"
"drosera capillaris","pink sundew","s1.1","g5"
"drosera filiformis","thread-leaf sundew","sx","g5"
"drosera rotundifolia","roundleaf sundew","s2","g5"
"dryopteris celsa","log fern","s1","g4"
"dryopteris clintoniana","clinton's wood fern","s1.1","g5"
"dryopteris goldiana","goldie's wood fern","s1","g4"
"dryopteris marginalis","marginal wood fern","s3","g5"
"echinochloa muricata","rough barnyard grass","s3","g5"
"echinodorus parvulus","american dwarf burhead","sx","g3"
"elatine americana","american water-wort","s2","g4"
"elatine minima","small water-wort","s1","g5"
"eleocharis acicularis","least spike-rush","s3","g5"
"eleocharis brittonii","britton's spike-rush","s1.1","g4g5"
"eleocharis equisetoides","horse-tail spike-rush","s2","g4"
"eleocharis erythropoda","bald spike-rush","s1","g5"
"eleocharis fallax","creeping spike-rush","s3","g4g5"
"eleocharis flavescens","pale spike-rush","sh","g5t?"
"eleocharis halophila","saltmarsh spike-rush","sh","g4"
"eleocharis melanocarpa","black-fruited spike-rush","s2","g4"
"eleocharis quadrangulata","squarestem spike-rush","s3","g4"
"eleocharis robbinsii","robbins spike-rush","s3","g4g5"
"eleocharis rostellata","beaked spike-rush","s1","g5"
"eleocharis tortilis","twisted spike-rush","s3","g5"
"eleocharis tricostata","three-angle spike-rush","s1","g4"
"elymus hystrix","bottle-brush grass","s2","g5"
"elymus virginicus var. halophilus","salt loving virginia wild-rye","sh","g5t?"
"epilobium angustifolium","purple fireweed","sh","g5"
"epilobium ciliatum","hairy willow-herb","s1.1","g5t?"
"equisetum fluviatile","water horsetail","s1","g5"
"equisetum hyemale ssp. affine","rough horsetail","s1","g5t5"
"equisetum sylvaticum","woodland horsetail","s1","g5"
"eragrostis hypnoides","teal love-grass","s1","g5"
"eragrostis refracta","meadow love-grass","s3","g5"
"eriocaulon aquaticum","seven-angled pipewort","s2","g5"
"(eriocaulon septangulare)","NULL","NULL","NULL"
"eriocaulon compressum","flattened pipewort","s2","g5"
"eriocaulon decangulare","ten-angle pipewort","s1","g5"
"eriocaulon parkeri","parker's pipewort","s2","g3"
"eriophorum gracile","slender cotton-grass","sx","g5t?"
"eriophorum virginicum","tawny cotton-grass","s1","g5"
"eryngium aquaticum","marsh rattlesnake master","s2","g4t4?"
"euonymus atropurpurea","wahoo","s1","g5"
"eupatorium album","white thoroughwort","s3","g5"
"eupatorium leucolepis","white-bract thoroughwort","s3","g5"
"eupatorium purpureum","sweet joe-pye weed","s3","g5"
"eupatorium resinosum","pine barren boneset","sx","g3"
"eupatorium serotinum","late-flowering thoroughwort","s3","g5"
"eupatorium sessilifolium","upland boneset","s1","g5t?"
"eupatorium vaseyi","vasey's white thoroughwort","sh","g5"
"(eupatorium album var. monardifolium)","NULL","NULL","NULL"
"euphorbia purpurea","glade spurge","s1.1","g3"
"euthamia tenuifolia var. microcephala","tiny headed goldenrod","s3","g5t?"
"festuca paradoxa","paradoxial fescue","sx","g5"
"fimbristylis annua","annual fimbry","sx","g5"
"fimbristylis caroliniana","carolina fimbry","s3","g4"
"fimbristylis perpusilla","harper's fimbristylis","s1","g2"
"fraxinus nigra","black ash","s2","g5"
"fuirena pumila","dwarf umbrella-sedge","s3","g4"
"fuirena squarrosa","hairy umbrella-sedge","s3","g4g5"
"galactia regularis","eastern milk-pea","s3","g5"
"galactia volubilis","downy milkpea","s3","g5"
"galearis spectabilis","showy orchis","s3","g5"
"(orchis spectabilis)","NULL","NULL","NULL"
"galium asprellum","rough bedstraw","s1","g5"
"galium boreale","northern bedstraw","sh","g5"
"galium hispidulum","coast bedstraw","sh","g5"
"galium lanceolatum","torrey's wild licorice","s2","g5"
"gaura biennis","biennial gaura","sh","g5"
"gaylussacia brachycera","box huckleberry","s1","g2g3"
"gaylussacia dumosa var. bigeloviana","dwarf huckleberry","sh","g5t4t5"
"gentiana andrewsii","fringe-top bottle gentian","s1","g4"
"gentiana autumnalis","pine barren gentian","sx","g3"
"gentiana catesbaei","elliott's gentian","s3","g5"
"gentiana saponaria","soapwort gentian","s3","g5"
"gentiana villosa","striped gentian","sh","g4"
"gentianopsis crinita","fringed gentian","sx","g4"
"geum laciniatum","rough avens","s2","g5t?"
"geum vernum","spring avens","s3","g5"
"geum virginianum","pale avens","s1","g5"
"glyceria acutiflora","sharp-scaled manna-grass","s2","g5"
"glyceria canadensis","canada manna-grass","s1","g5"
"glyceria grandis","american mannagrass","s1.1","g5"
"glyceria laxa","northern mannagrass","sh","g5"
"(glyceria canadensis var. laxa)","NULL","NULL","NULL"
"gratiola aurea","golden hedge-hyssop","s3","g5"
"gratiola ramosa","branching hedge-hyssop","s1.1","g4g5"
"gratiola viscidula","short's hedge-hyssop","sh","g4g5"
"gymnopogon ambiguus","broadleaf beardgrass","s1","g4"
"gymnopogon brevifolius","broadleaf beardgrass","sh","g5"
"helianthemum bicknellii","plains frostweed","sx","g5"
"helianthemum propinquum","low frostweed","s3","g4"
"helianthus angustifolius","swamp sunflower","s3","g5"
"helianthus decapetalus","thin-leaved sunflower","s3","g5"
"helianthus divaricatus","woodland sunflower","s1","g5"
"helianthus giganteus","tall sunflower","s3","g5"
"helianthus strumosus","pale-leaf sunflower","sh","g5"
"heliopsis helianthoides","ox-eye","s1","g5"
"helonias bullata","swamp-pink","s2","g3"
"hepatica nobilis var. obtusa","roundlobed hepatica","s3","g5t5"
"(hepatica americana)","NULL","NULL","NULL"
"heracleum maximum","cow parsnip","s3","g5"
"(heracleum lanatum)","NULL","NULL","NULL"
"heteranthera dubia","grassleaf mud-plantain","s1","g5"
"heteranthera multiflora","multiflowered mud-plantain","s1","g4"
"hierochloe odorata","holy grass","s1.1","g5t?"
"honckenya peploides ssp. robusta","seabeach sandwort","sh","g5t4"
"hottonia inflata","featherfoil","s2","g4"
"houstonia purpurea","purple bluet","s1","g5"
"(hedyotis purpurea)","NULL","NULL","NULL"
"hudsonia ericoides","golden-heather","s1","g4"
"hybanthus concolor","green violet","s1","g5"
"hydrangea arborescens","wild hydrangea","sh","g5"
"hydrastis canadensis","golden-seal","s2","g4"
"hypericum adpressum","creeping st. john's-wort","s2","g2g3"
"hypericum boreale","northern st. john's-wort","s1","g5"
"hypericum densiflorum","bushy st. john's-wort","s2","g5"
"hypericum denticulatum","coppery st. john's-wort","s2","g5"
"hypericum drummondii","drummond's st. john's-wort","s1.1","g5"
"hypericum ellipticum","pale st. john's-wort","sh","g5"
"hypericum gymnanthum","clasping-leaved st. john's wort","s3","g5"
"hypericum majus","larger canadian st. john's wort","sx","g5"
"hypericum prolificum","shrubby st. john's-wort","s1.1","g5"
"hypoxis hirsuta","eastern yellow stargrass","s3","g5"
"ilex laevigata","smooth winterberry holly","s3","g5"
"ionactis linariifolius","flaxleaf aster","s2","g5"
"(aster linariifolius)","NULL","NULL","NULL"
"iris prismatica","slender blue flag","s2","g4g5"
"isoetes echinospora","spiny-spored quillwort","s1.1","g5?"
"isoetes engelmannii","engelmann's quillwort","s2","g4"
"isoetes riparia","riverbank quillwort","s1","g4"
"isoetes valida","a quillwort","sh","g4?"
"isotria medeoloides","small whorled pogonia","s1.1","g2g3"
"isotria verticillata","large whorled pogonia","s2","g5"
"juglans cinerea","butternut","s3","g3g4"
"juncus coriaceus","leathery rush","s3","g5"
"juncus elliottii","bog rush","sx","g4g5"
"juncus militaris","bayonet rush","s2","g4"
"juncus nodosus","knotted rush","sh","g5t?"
"juncus pelocarpus","brown-fruited rush","s2","g5"
"juncus secundus","secund rush","s3","g5"
"juncus subcaudatus","subcaudate rush","s1","g5"
"juncus torreyi","torrey's rush","s1","g5"
"kalmia angustifolia","sheep-laurel","s2","g5"
"koeleria macrantha","prairie junegrass","sh","g5"
"krigia biflora","two-flowered dwarf dandelion","sh","g5"
"kyllinga pumila","thinleaf flatsedge","sh","g5"
"(cyperus tenuifolius)","NULL","NULL","NULL"
"lachnanthes caroliana","carolina redroot","s1","g4"
"lactuca floridana","woodland lettuce","s2","g5t?"
"(includes variety villosa)","NULL","NULL","NULL"
"lathyrus palustris","vetchling peavine","sh","g5"
"lechea mucronata","hairy pinweed","s2","g5"
"(lechea villosa)","NULL","NULL","NULL"
"lespedeza angustifolia","narrowleaf bushclover","s3","g5"
"lespedeza hirta","hairy bush-clover","s3","g5"
"lespedeza stuevei","tall bush-clover","s3","g4?"
"liatris graminifolia","grassleaf gayfeather","s1","g5"
"liatris scariosa","round-head gayfeather","sh","g5?t?"
"liatris spicata","blazing star","s1.1","g5t?"
"liatris squarrosa","northern blazing star","sh","g5"
"lilium canadense","canada lily","s2","g5t4?"
"lilium philadelphicum","wood lily","sx","g5t?"
"limnobium spongia","american frog's-bit","s1","g5"
"limosella australis","mudwort","sx","g4g5"
"lindernia dubia var. inundata","false-pimpernel","sh","g5t4q"
"linum intercursum","sandplain flax","s1.1","g4"
"liparis liliifolia","large twayblade","s2","g5"
"listera australis","southern twayblade","s3","g4"
"lobelia boykinii","boykin's lobelia","sx","g2g3"
"lobelia canbyi","canby's lobelia","s2","g4"
"lobelia elongata","elongated lobelia","s1","g4g5"
"lobelia spicata","pale-spiked lobelia","s2","g5t?"
"(includes variety campanulata)","NULL","NULL","NULL"
"lonicera sempervirens","trumpet honeysuckle","s3","g5"
"lophiola aurea","golden crest","sx","g4"
"ludwigia hirtella","hairy ludwigia","s1","g5"
"ludwigia linearis","narrow-leaf seedbox","s3","g5"
"lupinus perennis","purple lupine","s1","g5t4?"
"luzula acuminata","hairy wood rush","s1","g5t?"
"lycopodiella alopecuroides","foxtail clubmoss","s3","g5"
"(lycopodium alopecuroides)","NULL","NULL","NULL"
"lycopodiella appressa","creeping clubmoss","s3","g5"
"(lycopodium adpressum)","NULL","NULL","NULL"
"lycopodium clavatum","running pine","s3","g5"
"lycopus amplectens","sessile-leaved bugleweed","s2","g5"
"lygodium palmatum","climbing fern","sx","g4"
"lyonia mariana","stagger-bush","s2","g5"
"lysimachia hybrida","false-hybrid loosestrife","s2","g5"
"malaxis unifolia","green adder's-mouth","s1","g5"
"malus angustifolia","southern crabapple","s3","g5"
"matelea carolinensis","carolina anglepod","s2","g4"
"mecardonia acuminata","purple mecardonia","s1","g5"
"melampyrum lineare var. pectinatum","cow-wheat","s3","g5t5"
"melanthium latifolium","broadleaf bunchflower","sh","g5"
"melanthium virginicum","virginia bunchflower","s2","g5"
"mentha canadensis","canadian mint","s3","g5"
"menyanthes trifoliata","bog buckbean","sx","g5"
"mertensia virginica","virginia bluebells","s3","g5"
"micranthemum micranthemoides","nuttall's micranthemum","sx","gh"
"minuartia caroliniana","pine barren sandwort","s1.1","g5"
"minuartia michauxii","rock sandwort","sx","g5"
"(arenaria stricta)","NULL","NULL","NULL"
"mitella diphylla","two-leaf bishop's-cap","s2","g5"
"monarda clinopodia","basil bee-balm","s2","g5"
"monarda fistulosa","wild bergamot bee-balm","s1.1","g5"
"monotropa hypopithys","american pinesap","s2","g5"
"monotropsis odorata","sweet pinesap","sh","g3"
"muhlenbergia capillaris","long-awn hairgrass","sh","g5"
"muhlenbergia mexicana","satin grass","sh","g5"
"muhlenbergia sobolifera","cliff muhly","s2","g5"
"muhlenbergia sylvatica","woodland muhly","sh","g5"
"muhlenbergia tenuifolia","slender muhly","s2","g5"
"muhlenbergia torreyana","torrey's dropseed","sx","g3"
"myosotis laxa","small forget-me-not","s3","g5"
"myosotis verna","spring forget-me-not","sh","g5"
"myrica cerifera var. pumila","dwarf bayberry","sh","g5t?"
"myrica heterophylla","evergreen bayberry","s1","g5"
"myriophyllum heterophyllum","broadleaf water-milfoil","s1","g5"
"myriophyllum humile","low water-milfoil","s3","g5"
"myriophyllum pinnatum","cutleaf water-milfoil","s2","g5"
"myriophyllum verticillatum","whorled water-milfoil","sh","g5"
"najas gracillima","thread-like naiad","s1","g5?"
"najas guadalupensis","southern naiad","sh","g5t?"
"narthecium americanum","bog asphodel","sx","g2"
"nelumbo lutea","american lotus","s1.1","g4"
"nuphar variegata","variegated pondlily","sh","g5t5"
"(nuphar lutea ssp. variegata)","NULL","NULL","NULL"
"nymphoides aquatica","big floating-heart","s1","g5"
"nymphoides cordata","floating-heart","s1","g5"
"obolaria virginica","virginia pennywort","s3","g5"
"oenothera fruticosa","sundrops","s3","g5"
"oenothera humifusa","seabeach evening primrose","s3","g5"
"oenothera perennis","small sundrops","s1.1","g5"
"oldenlandia uniflora","clustered bluets","s3","g5"
"(hedyotis uniflora)","NULL","NULL","NULL"
"onosmodium virginianum","virginia false-gromwell","sh","g4"
"ophioglossum pusillum","northern adder's tongue","sh","g5"
"{(ophioglossum vulgatum|var.  pseudopodum)}","NULL","NULL","NULL"
"ophioglossum vulgatum","southern adder's-tongue","s2","g5"
"(ophioglossum pycnostichum)","NULL","NULL","NULL"
"orobanche uniflora","one-flowered broomrape","s2","g5"
"orthilia secunda","one-side wintergreen","sh","g5"
"(pyrola secunda)","NULL","NULL","NULL"
"oryzopsis racemosa","black-fruit mountain-ricegrass","sh","g5"
"osmorhiza claytonii","anise flavored sweet-cicely","s3","g5"
"osmunda claytoniana","interrupted fern","s3","g5"
"ostrya virginiana","eastern hop-hornbeam","s2","g5"
"oxypolis canbyi","canby's dropwort","sx","g2"
"panax quinquefolius","american ginseng","s2","g4"
"panicum hemitomon","maidencane","s2","g5?"
"panicum philadelphicum","philadelphia panic grass","s1.1","g5"
"paronychia canadensis","forked nail-wort","s3","g5"
"paronychia fastigiata","cluster-stemmed nail-wort","s2","g5t5"
"(includes variety paleacea)","NULL","NULL","NULL"
"paspalum dissectum","walter's paspalum","s3","g4?"
"passiflora lutea","yellow passion-flower","s3","g5"
"pedicularis canadensis","early wood lousewort","s2","g5"
"pedicularis lanceolata","swamp lousewort","sh","g5"
"pellaea atropurpurea","purple-stem cliff-brake","s1","g5"
"penstemon hirsutus","hairy beardtongue","sh","g4"
"penstemon laevigatus","smooth beardtongue","sh","g5"
"penthorum sedoides","ditch-stonecrop","s3","g5"
"persea palustris","red bay","sh","g5"
"phacelia dubia","small-flower scorpionweed","sh","g5"
"phaseolus polystachios","wild kidney bean","sh","g4"
"phlox maculata","spotted phlox","s1","g5t?"
"phlox pilosa","downy phlox","sx","g5t5"
"phyla lanceolata","fog-fruit","s1","g5"
"physalis angulata","cutleaf ground-cherry","sh","g5"
"physalis virginiana","virginia ground-cherry","sh","g5"
"physocarpus opulifolius","eastern ninebark","sh","g5t?"
"pinus echinata","shortleaf pine","s3","g5"
"pinus serotina","pond pine","s3","g5"
"piptochaetium avenaceum","blackseed needlegrass","s3","g5"
"(stipa avenacea)","NULL","NULL","NULL"
"pityopsis graminifolia var. latifolia","grassleaf golden aster","sh","g5"
"platanthera blephariglottis","white-fringe orchis","s1","g4g5t3t4"
"platanthera ciliaris","yellow-fringe orchid","sh","g5"
"platanthera cristata","yellow-crested orchis","s3","g5"
"platanthera flava var. herbiola","southern rein-orchid","s1","g4t4q"
"platanthera grandiflora","large purple-fringe orchis","sx","g5"
"platanthera lacera","green-fringe orchis","s3","g5"
"platanthera nivea","snowy orchis","sh","g5"
"platanthera peramoena","purple fringeless orchid","s1.1","g5"
"platanthera psycodes","small purple-fringe orchis","sh","g5"
"pleopeltis polypodioides ssp. michauxiana","resurrection fern","sx","g5t5"
"{(polypodium polypodioides|var. michauxianum)}","NULL","NULL","NULL"
"pluchea camphorata","marsh fleabane","sh","g5"
"poa chapmaniana","chapman's bluegrass","sh","g5"
"poa cuspidata","bluegrass","s2","g5"
"poa palustris","fowl bluegrass","s1.1","g5"
"podostemum ceratophyllum","threadfoot","s1.1","g5"
"pogonia ophioglossoides","rose pogonia","s2","g5"
"polygala ambigua","ambiguous milkwort","sh","g5t?"
"(polygala verticillata var. ambigua)","NULL","NULL","NULL"
"polygala cruciata var. aquilonia","crossleaf milkwort","s3","g5t4"
"polygala cymosa","tall pine-barren milkwort","sx","g5"
"polygala incarnata","pink milkwort","s1","g5"
"polygala paucifolia","gay-wing milkwort","sx","g5"
"polygala ramosa","low pinebarren milkwort","sx","g5"
"polygala senega","seneca snakeroot","sx","g4g5"
"polygonatum biflorum var. commutatum","giant solomon's seal","s2","g5t4?"
"(polygonatum canaliculatum)","NULL","NULL","NULL"
"polygonum careyi","carey's smartweed","sh","g4"
"polygonum densiflorum","dense-flower knotweed","s3","g5"
"polygonum glaucum","seabeach knotweed","s1.1","g3"
"polygonum ramosissimum","bushy knotweed","s1","g5"
"(includes variety prolificum)","NULL","NULL","NULL"
"polygonum tenue","slender knotweed","sh","g5"
"polypodium virginianum","rock polypody","s3","g5"
"porteranthus trifoliatus","bowman's-root","sh","g4g5"
"potamogeton foliosus","leafy pondweed","s3","g5"
"potamogeton natans","floating pondweed","sh","g5"
"potamogeton perfoliatus","clasping-leaf pondweed","sh","g5"
"potamogeton pusillus","slender pondweed","s1","g5"
"potamogeton robbinsii","flatleaf pondweed","sx","g5"
"potamogeton spirillus","spiral pondweed","sx","g5"
"prenanthes alba","white rattlesnake-root","sh","g5"
"prenanthes autumnalis","slender rattlesnake-root","sh","g4g5"
"prenanthes serpentaria","lion's-foot","s3","g5"
"prunus americana","american plum","s3","g5"
"prunus maritima","beach plum","s3","g4"
"prunus virginiana","choke cherry","s1.1","g5"
"puccinellia fasciculata","saltmarsh goosegrass","sh","gu"
"pycnanthemum clinopodioides","basil mountain-mint","sh","g2"
"pycnanthemum incanum","hoary mountain-mint","s1","g5t5"
"pycnanthemum muticum","blunt mountain mint","s3","g5"
"pycnanthemum setosum","awned mountain-mint","s3","g3?"
"pycnanthemum torrei","torrey's mountain mint","s1","g2"
"pycnanthemum verticillatum","whorled mountain-mint","s2","g5t5?"
"pyrola americana","american wintergreen","s2","g5"
"(pyrola rotundifolia var. americana)","NULL","NULL","NULL"
"pyrola chlorantha","greenish-flowered wintergreen","sh","g5"
"pyrola elliptica","shinleaf","s2","g5"
"pyrrhopappus carolinianus","carolina false-dandelion","s3","g5"
"quercus bicolor","swamp white oak","s3","g5"
"quercus ilicifolia","scrub oak","sh","g5"
"quercus lyrata","overcup oak","s3","g5"
"quercus marilandica","blackjack oak","s3","g5"
"quercus prinoides","dwarf chinquapin oak","s1","g5"
"ranunculus ambigens","water-plantain spearwort","s1.1","g4"
"ranunculus caricetorum","hispid buttercup","s1.1","g5t5"
"(ranunculus septentrionalis)","NULL","NULL","NULL"
"ranunculus flabellaris","yellow water-crowfoot","s1.1","g5"
"ranunculus hispidus","bristly buttercup","s1.1","g5t5"
"ranunculus laxicaulis","mississippi buttercup","s1.1","g5?"
"ranunculus longirostris","eastern white water-crowfoot","sx","g5"
"ranunculus pensylvanicus","bristly crowfoot","s1.1","g5"
"ranunculus pusillus","pursh's buttercup","s3","g5"
"rhexia aristosa","awned meadow beauty","s1","g3"
"rhododendron atlanticum","dwarf azalea","s3","g5"
"rhododendron canescens","hoary azalea","sh","g5"
"rhynchosia tomentosa","hairy snoutbean","s1","g5t?"
"rhynchospora alba","white beakrush","s2","g5"
"NULL","NULL","NULL","NULL"
"rhynchospora cephalantha","capitate beak-rush","s3","g5t?"
"(includes the variety microcephala)","NULL","NULL","NULL"
"rhynchospora chalarocephala","loose-head beak-rush","s3","g5"
"rhynchospora corniculata","short-bristle horn-rush","s2","g5"
"rhynchospora filifolia","thread-leaved beak-rush","s1.1","g5"
"rhynchospora fusca","brown beak-rush","s2","g4g5"
"rhynchospora globularis","globe beak-rush","s2","g5t5?"
"(includes variety recognita)","NULL","NULL","NULL"
"rhynchospora glomerata","clustered beak-rush","s2","g5t?"
"rhynchospora harperi","harper's beak-rush","s1","g4?"
"rhynchospora inexpansa","nodding beak-rush","s1.1","g5"
"rhynchospora inundata","drowned horn-rush","s1","g4"
"rhynchospora knieskernii","knieskern's beak-rush","sx","g1"
"rhynchospora macrostachya var. colpophila","tall tidal beaked-rush","s1.1","g4t3t4"
"rhynchospora nitens","short-beaked bald-rush","s1","g4"
"(psilocarya nitens)","NULL","NULL","NULL"
"rhynchospora oligantha","few-flowered beak-rush","sh","g4"
"rhynchospora pallida","pale beak-rush","sh","g3"
"rhynchospora scirpoides","long-beaked bald-rush","s2","g4"
"(psilocarya scirpoides)","NULL","NULL","NULL"
"rhynchospora torreyana","torrey's beak-rush","s2","g4"
"ribes americanum","wild black currant","sh","g5"
"rosa carolina","carolina rose","sh","g5"
"rosa virginiana","virginia rose","sh","g5"
"rotala ramosior","toothcup","s3","g5"
"rubus odoratus","purple flowering raspberry","s1","g5"
"rudbeckia fulgida var. fulgida","orange coneflower","s1","g5t?"
"rudbeckia fulgida var. speciosa","orange coneflower","sh","g5t3t4"
"ruellia caroliniensis","carolina petunia","s1","g5"
"ruellia strepens","smooth petunia","sh","g4g5"
"rumex altissimus","pale dock","s1","g5"
"sabatia campanulata","slender marsh pink","s1","g5"
"sabatia difformis","two-formed pink","s1","g4g5"
"sabatia dodecandra","large marsh pink","s1","g5?t?"
"saccharum brevibarbe var. contortum","bent-awn plume grass","s3","g5"
"(erianthus contortus)","NULL","NULL","NULL"
"saccharum coarctatum","bunched plume grass","s3","g?"
"{(erianthus coarctatus; e. brevibarbis|misapplied)}","NULL","NULL","NULL"
"sacciolepis striata","gibbous grass","s1","g5"
"sagittaria calycina","spongy arrowhead","s2","g5t4"
"(lophotocarpus spongiosus)","NULL","NULL","NULL"
"sagittaria engelmanniana","engelmann's arrowhead","s2","g5?"
"sagittaria graminea","grassleaf arrowhead","s2","g5t5"
"sagittaria lancifolia","bull-tongue arrowhead","s1.1","g5?"
"(sagittaria falcata)","NULL","NULL","NULL"
"sagittaria rigida","sessile-fruited arrowhead","sh","g5"
"sagittaria subulata","strap-leaf arrowhead","s3","g4"
"salicornia bigelovii","dwarf glasswort","s1","g5q"
"salicornia virginica","virginia glasswort","s1","g5"
"salix caroliniana","carolina willow","sh","g5"
"salix discolor","pussy willow","sh","g5"
"salix eriocephala","heart-leaved willow","sh","g5"
"(salix cordata)","NULL","NULL","NULL"
"salix exigua","sandbar willow","sh","g5"
"(salix interior)","NULL","NULL","NULL"
"salix humilis var. humilis","tall prairie willow","s3","g5"
"salix humilis var. tristis","dwarf willow","sh","g5t?"
"(salix tristis)","NULL","NULL","NULL"
"salix lucida","shining willow","sh","g5t?"
"salix sericea","silky willow","s1","g5"
"sanguisorba canadensis","canada burnet","sh","g5"
"sanicula marilandica","black snake-root","s1.1","g5"
"sanicula trifoliata","large-fruited sanicle","s1.1","g4"
"sarracenia purpurea","purple pitcher-plant","s3","g5t5"
"saxifraga pensylvanica","swamp saxifrage","s1.1","g5"
"schizachyrium littorale","keeled little bluestem","sh","g5t?"
"(andropogon littoralis)","NULL","NULL","NULL"
"schizaea pusilla","curly-grass fern","s1.1","g3"
"schoenoplectus etuberculatus","canby's bulrush","s1","g3g4"
"(scirpus etuberculatus)","NULL","NULL","NULL"
"schoenoplectus novae-angliae","brackish bulrush","s1","g5"
"(scirpus cylindricus)","NULL","NULL","NULL"
"schoenoplectus purshianus","weakstalk bulrush","s3","g4g5"
"(scirpus purshianus)","NULL","NULL","NULL"
"schoenoplectus smithii","smith's bulrush","s1.1","g5?"
"(scirpus smithii)","NULL","NULL","NULL"
"schoenoplectus subterminalis","water bulrush","s2","g4g5"
"(scirpus subterminalis)","NULL","NULL","NULL"
"schwalbea americana","american chaffseed","sx","g2"
"scirpus atrovirens","woolgrass bulrush","s1","g5?"
"scirpus expansus","red-stem bulrush","s2","g4"
"scirpus hattorianus","bulrush","s3","g5"
"scirpus pendulus","pendulous bulrush","s1","g5"
"scirpus polyphyllus","leafy bulrush","s3","g5"
"scleria muehlenbergii","muhlenberg's nutrush","s1","g5"
"scleria pauciflora","few-flowered nutrush","s1","g5"
"scleria reticularis","reticulated nutrush","s2","g3g4"
"scleria triglomerata","whip nutrush","s1","g5"
"sclerolepis uniflora","one-flower sclerolepis","s2","g4"
"scrophularia lanceolata","hare's figwort","sh","g5"
"scutellaria galericulata","hooded skullcap","s1","g5"
"scutellaria nervosa","veined skullcap","sh","g5"
"scutellaria parvula var. leonardii","small skullcap","sh","g4t4"
"scutellaria saxatilis","rock skullcap","sh","g3g4"
"sedum ternatum","wood stonecrop","s3","g5"
"selaginella rupestris","ledge spike-moss","sx","g5"
"senecio anonymus","small's ragwort","s1.1","g5"
"senecio pauperculus","balsam ragweed","s1","g5"
"senna hebecarpa","wild senna","s3","g5"
"(cassia hebecarpa)","NULL","NULL","NULL"
"senna marilandica","maryland senna","sh","g5"
"(cassia marilandica)","NULL","NULL","NULL"
"sesuvium maritimum","puerto rico sea-purslane","sh","g5"
"setaria magna","giant foxtail","s3","g5"
"sideroxylon lycioides","buckthorn bumelia","s1.1","g5"
"(bumelia lycioides)","NULL","NULL","NULL"
"silene caroliniana ssp. pensylvanica","cardina pink","s1","g5t4"
"silene virginica","fire pink","s1","g5"
"sisyrinchium atlanticum","eastern blue-eyed-grass","s3","g5"
"sisyrinchium mucronatum","michaux's blue-eyed-grass","s1.1","g5"
"smallanthus uvedalius","yellow-flowered leafcup","s3","g4g5"
"(polymnia uvedalia)","NULL","NULL","NULL"
"smilax bona-nox","saw greenbrier","s1","g5"
"smilax pseudochina","long-stalk greenbrier","s2","g4g5"
"smilax tamnoides","halberd-leaf greenbrier","s1","g5"
"(smilax hispida)","NULL","NULL","NULL"
"smilax walteri","walter's greenbrier","s3","g5"
"solidago arguta","cutleaf goldenrod","s1","g5t4"
"solidago latissimifolia","elliott's goldenrod","s1","g5"
"(solidago elliottii)","NULL","NULL","NULL"
"solidago patula","roundleaf goldenrod","s3","g5"
"solidago squarrosa","squarrose goldenrod","sx","g4?q"
"solidago stricta","wandlike goldenrod","sx","g5"
"solidago tarda","late goldenrod","s1.1","g4?q"
"solidago uliginosa","bog goldenrod","s1.1","g4g5t?"
"solidago ulmifolia","elm-leaf goldenrod","s1","g5t?"
"spartina pectinata","fresh water cordgrass","s1.1","g5"
"sphenopholis obtusata","prairie wedgegrass","sh","g5"
"sphenopholis pensylvanica","swamp wedgescale","s1","g4"
"spiraea alba","narrow-leaf meadow-sweet","s1","g5t5"
"(includes variety latifolia)","NULL","NULL","NULL"
"spiranthes lacera var. gracilis","southern slender ladies'-tresses","s3","g5"
"spiranthes lucida","shining ladies'-tresses","sh","g5"
"spiranthes praecox","grassleaf ladies'-tresses","sh","g5"
"spiranthes tuberosa","little ladies'-tresses","sh","g5"
"spiranthes vernalis","twisted ladies'-tresses","s2","g5"
"spirodela punctata","dotted water-flaxseed","s3","g5"
"sporobolus clandestinus","rough dropseed","s1","g5"
"sporobolus compositus","longleaf dropseed","sh","g5"
"(sporobolus asper)","NULL","NULL","NULL"
"stachys aspera","rough hedge-nettle","sh","g5t4?"
"(stachys hyssopifolia var. ambigua)","NULL","NULL","NULL"
"stachys hyssopifolia","hyssop-leaf hedge-nettle","s1","g5"
"stachys tenuifolia","smooth hedge-nettle","s1.1","g5"
"stellaria alsine","trailing stitchwort","s2","g5"
"suaeda linearis","narrow-leaf seepweed","s3","g5"
"taenidia integerrima","yellow pimpernell","s1.1","g5"
"talinum teretifolium","round-leaved fame-flower","sx","g4"
"tephrosia spicata","spiked hoary-pea","sh","g4g5"
"thalictrum dioicum","early meadow-rue","s1","g5"
"thalictrum revolutum","waxleaf meadow-rue","s1","g5"
"thaspium barbinode","hairy-jointed meadow-parsnip","s1","g5"
"thelypteris simulata","bog fern","s1","g4g5"
"tofieldia racemosa","coastal false-asphodel","sx","g5"
"torreyochloa pallida","pale manna grass","s3","g5"
"(glyceria pallida)","NULL","NULL","NULL"
"toxicodendron pubescens","poison oak","s3","g5"
"toxicodendron vernix","poison sumac","s3","g5"
"trachelospermum difforme","climbing dogbane","s1.1","g4g5"
"tradescantia virginiana","virginia spiderwort","s3","g5"
"triadenum fraseri","northern marsh st. john's-wort","sh","g4g5"
"trichophorum planifolium","bashful bulrush","s2","g5?"
"(scirpus verecundus)","NULL","NULL","NULL"
"trichostema setaceum","narrow-leavf blue-curls","s1","g5"
"trientalis borealis","northern starflower","s1","g5t?"
"trifolium carolinianum","carolina clover","sh","g5"
"triglochin striata","three-ribbed arrowgrass","sh","g5"
"trillium cernuum","nodding trillium","s2","g5"
"trillium erectum","ill-scented trillium","s1.1","g5"
"triosteum angustifolium","yellow-leaf tinker's-weed","s1","g5"
"triosteum aurantiacum","coffee tinker's-weed","s1","g5t?"
"triosteum perfoliatum","perfoliate tinker's-weed","s1.1","g5"
"triphora trianthophora","nodding pogonia","s1.1","g4"
"typha domingensis","southern cattail","s1.1","g4g5"
"utricularia biflora","two-flower bladderwort","s2","g5"
"utricularia cornuta","horned bladderwort","sh","g5"
"utricularia fibrosa","fibrous bladderwort","s2","g4g5"
"utricularia geminiscapa","hidden-fruited bladderwort","s3","g5"
"utricularia gibba","humped bladderwort","s3","g5"
"utricularia inflata","swollen bladderwort","s1","g5"
"utricularia juncea","southern bladderwort","s2","g5"
"utricularia minor","lesser bladderwort","sx","g5"
"utricularia purpurea","purple bladderwort","s1","g5"
"utricularia radiata","small swollen bladderwort","s3","g4"
"utricularia resupinata","northeastern bladderwort","s1","g4"
"utricularia subulata","zigzag bladderwort","s3","g5"
"vaccinium angustifolium","late lowbush blueberry","sh","g5"
"vaccinium fuscatum   (vaccinium atrococcum)","black-berried highbush blueberry","s3","g5"
"vaccinium macrocarpon","large cranberry","s3","g5"
"veratrum viride","american false-hellebore","s3","g5"
"verbena simplex","narrow-leaf vervain","sh","g5"
"verbesina alternifolia","wingstem","sh","g5"
"vernonia glauca","broadleaf ironweed","s1","g5"
"veronica americana","american speedwell","s1","g5"
"veronicastrum virginicum","culver's-root","s1","g5"
"viburnum cassinoides","withe-rod","sh","g5"
"viburnum rafinesquianum","downy arrow-wood","sh","g5"
"viola blanda","white violet","s3","g4g5"
"viola brittoniana","coast violet","s3","g5"
"viola macloskeyi ssp. pallens","smooth white violet","s1","g5t5"
"(viola pallens)","NULL","NULL","NULL"
"viola palmata","palmate-leaved violet","s3","g5"
"viola pedata","bird's-foot violet","s1","g5"
"viola pubescens","downy yellow violet","s3","g5t?"
"viola rotundifolia","roundleaf violet","s2","g5"
"viola sagittata var. ovata","fringed violet","s1","g5t4?q"
"(viola fimbriatula)","NULL","NULL","NULL"
"viola sagittata var. sagittata","arrow-leaved violet","s3","g5"
"viola striata","striped violet","s3","g5"
"wolffia brasiliensis","pointed watermeal","s3","g5"
"(wolffia punctata)","NULL","NULL","NULL"
"wolffia columbiana","columbia watermeal","s3","g5"
"wolffiella gladiata","sword bogmat","sh","g5"
"(wolffiella floridana)","NULL","NULL","NULL"
"woodsia obtusa","blunt-lobe woodsia","s2","g5t?"
"xerophyllum asphodeloides","eastern turkeybeard","sx","g4"
"xyris fimbriata","fringed yellow-eyed grass","s1","g5"
"xyris smalliana","small's yellow-eyed-grass","s2","g5"
"xyris torta","twisted yellow-eyed-grass","s3","g5"
"zannichellia palustris","horned pondweed","s1","g5"
"zanthoxylum americanum","northern prickley ash","sh","g5"
"zigadenus leimanthoides","death-camus","sh","g4q"
"zizia aptera","golden alexander","s1","g5"
"zizia aurea","common alexander's","s2","g5"
"zostera marina","eel-grass","sx","g5"
