"&nbsp;","DESCRIPTION","PRICE","&nbsp;"
"NULL","{6mm Fin Bolts|Stainless steel 6mm fin bolts fit most powerbox and tuttlebox fins.}","CDN$1.99 &nbsp;&nbsp;",""
"NULL","{Fin Tab & Screw #945|Attaches fins to many windsurfers longboards and SUP's using the A-Base fin systems.}","CDN$3.49 &nbsp;&nbsp;","add to basket"
"NULL","{MC TRIM BOX|For use with Multi-Base fins.Fits older model Bic Tiga and Fanatic boards using Trimbox system}","CDN$14.99 &nbsp;&nbsp;","add to basket"
"NULL","Starboard Bolt Washer","CDN$3.99 &nbsp;&nbsp;","add to basket"
