"Download Name","Date Added","Speed"
"Ad Aware Se Personal V1.06r1","16-Feb-2012","(322kb/s)"
"Ad Aware Se Personal V1.06r1 Download","16-Feb-2012","(711kb/s)"
"Ad.Aware.Se.Personal.V1.06r1_16-Feb-2012.rar","16-Feb-2012","(451kb/s)"
"Ad Aware Se Personal V1.06r1 Serial","15-Feb-2012","(141kb/s)"
"Ad Aware Se Personal V1.06r1 Password","15-Feb-2012","(133kb/s)"
"Ad Aware Se Personal V1.06r1 ISO","15-Feb-2012","(115kb/s)"
"Found 6 download results for Ad Aware Se Personal V1.06r1. Full version with crack serial keygen.","Found 6 download results for Ad Aware Se Personal V1.06r1. Full version with crack serial keygen.","Found 6 download results for Ad Aware Se Personal V1.06r1. Full version with crack serial keygen."
