"Join the Penny Auction craze for half the cost with Zeekler - buy $20 worth of bids for only$0.00&nbsp;georgia 12345 Georgia","Price Drop Auctions!$0.00&nbsp;Ipua 14610-000 Georgia","DINHEIRO  DINHEIRO  DINHEIRO$0.00&nbsp;NATAL 59127-340 Georgia","Join The Penny$0.00&nbsp;Atlanta 30301 Georgia"
"OPORTUNIDADE DE GANHAR DINHEIRO$0.00&nbsp;NATAL 59127-340 Georgia","Start Saving Up To 90%$0.00&nbsp;Georgia 11111 Georgia","Cheap Electronics Auction!$0.00&nbsp;dfgdf gdfgd Georgia","GALEGO VOV? - BRASIL SUCESSO AMOR ANORMAL$0.00&nbsp;NATAL 59127-340 Georgia"
"Get $20 worth of bids/mo only at Zeekler Penny$0.00&nbsp;Georgia 11111111 Georgia","Zeekler Penny Auctions$0.00&nbsp;Georgia 1111111111 Georgia","Price Drop Auctions!$0.00&nbsp;Georgia 11111111 Georgia","DINHEIRO  DINHEIRO  DINHEIRO$0.00&nbsp;Natal 59127340 Georgia"
"Win $500 worth of cash$0.00&nbsp;Kiev 71001 Georgia","Win $500 worth of cash for as littel as $52 with$0.00&nbsp;Georgia 11111111 Georgia","Win Awesome Stuff For Cheap With Free Bids on a Penny Auction Site.$0.00&nbsp;Atlanta 30301 Georgia","When you need a lawyer you?ll be really glad you have one!$0.00&nbsp;Douglas 30133 Georgia"
"Get Up to 95% off laptops electronics jewelry and even cash$0.00&nbsp;Georgia 10286 Georgia"
