"5 Jul 201221:15","The Gipsy Kings&nbsp;","Arena CivicaMilan","From&pound;40.6","COMPARE"
"8 Jul 201218:00","Kew the Music Gipsy Kings&nbsp;","Kew GardensLondon","From&pound;35.5","COMPARE"
"8 Aug 201220:00","The Gipsy Kings&nbsp;","Wolf TrapWolf Trap","From&pound;60.85","COMPARE"
"10 Aug 201220:00","The Gipsy Kings&nbsp;","Humphreys Concerts By the BaySan Diego","From&pound;103.8","COMPARE"
"15 Aug 201219:30","The Gipsy Kings&nbsp;","Mountain WinerySaratoga","From&pound;95.88","COMPARE"
"18 Aug 201220:00","The Gipsy Kings&nbsp;","Nokia Theatre Live - LaLos Angeles","From&pound;139.99","COMPARE"
