"Language","Common&nbsp;name","Location","PIER&nbsp;bibliographic&nbsp;reference","Comments"
"Chinese","ou xia zhi cao","?","Zhengyi Wu/Raven Peter H./Deyuan Hong (2011)","&nbsp;"
"English","common horehound","?","Wagner Warren L./Herbst Derral R./Sohmer S. H. (1999)&nbsp;(p.&nbsp;806)","&nbsp;"
"English","horehound","?","U.S. Dept. Agr. Agr. Res. Serv. (2011)","&nbsp;"
"English","white horehound","?","Wagner Warren L./Herbst Derral R./Sohmer S. H. (1999)&nbsp;(p.&nbsp;806)","&nbsp;"
"French","marrube blanc","?","U.S. Dept. Agr. Agr. Res. Serv. (2011)","&nbsp;"
"French","marrube vulgaire","?","U.S. Dept. Agr. Agr. Res. Serv. (2011)","&nbsp;"
"Spanish","marrubio com&uacute;n","?","U.S. Dept. Agr. Agr. Res. Serv. (2011)","&nbsp;"
"Spanish","toronjil cuyano","Chile (Republic of)","Belov Michail (2011)","&nbsp;"
