"販売日&nbsp;:&nbsp;","2008年11月7日"
"シリーズ名&nbsp;:&nbsp;","陵辱"
"年齢指定&nbsp;:&nbsp;","成人向け"
"作品形式&nbsp;:&nbsp;","同人ゲームアドベンチャーゲーム&nbsp;/&nbsp;白濁輪姦陵辱アドベンチャー"
"ファイル形式&nbsp;:&nbsp;","アプリケーション"
"対応os&nbsp;:&nbsp;","[pc]windows2000 / windowsxp / windowsvista / windows7"
"その他&nbsp;:&nbsp;","音声あり音楽あり体験版ありレビューあり"
"ジャンル&nbsp;:&nbsp;","レイプ&nbsp;輪姦&nbsp;陵辱&nbsp;調教&nbsp;巨乳/爆乳"
