"&nbsp;&nbsp;","&nbsp;Product Name&nbsp;","&nbsp;Price+&nbsp;","&nbsp;&nbsp;","&nbsp;Buy Now&nbsp;"
"&nbsp;&nbsp;Full Details&nbsp;","&nbsp;1.00 Kg Bowling and Croquet Lawn&nbsp;","&nbsp;?.76&nbsp;","&nbsp;&nbsp;","&nbsp;"
"&nbsp;&nbsp;Full Details&nbsp;","&nbsp;5.00 Kg Bowling and Croquet Lawn&nbsp;","&nbsp;?.15&nbsp;","&nbsp;?63 per kg&nbsp;","&nbsp;"
"&nbsp;&nbsp;Full Details&nbsp;","&nbsp;10.00 Kg Bowling and Croquet Lawn&nbsp;","&nbsp;?.40&nbsp;","&nbsp;?94 per kg&nbsp;","&nbsp;"
"&nbsp;&nbsp;Full Details&nbsp;","&nbsp;15.00 Kg Bowling and Croquet Lawn&nbsp;","&nbsp;?3.90&nbsp;","&nbsp;?26 per kg&nbsp;","&nbsp;"
"&nbsp;&nbsp;Full Details&nbsp;","&nbsp;20.00 Kg Bowling and Croquet Lawn&nbsp;","&nbsp;?1.40&nbsp;","&nbsp;?57 per kg&nbsp;","&nbsp;"
"&nbsp;&nbsp;Full Details&nbsp;","&nbsp;25.00 Kg Bowling and Croquet Lawn&nbsp;","&nbsp;?2.00&nbsp;","&nbsp;?88 per kg&nbsp;","&nbsp;"
