"General Information","",""
"City Name","Speed","&nbsp;"
"State","North Carolina","&nbsp;"
"Population 2000","70","&nbsp;"
"Housing Units","60","&nbsp;"
"Total Area","square miles","&nbsp;"
"Water Area","square miles","&nbsp;"
"Land Area","square miles","&nbsp;"
"Population Density","247 people/square mile","&nbsp;"
"Housing Density","212 units/square mile","&nbsp;"
"Law Enforcement Employees","&nbsp;","&nbsp;"
"Violent Crimes","&nbsp;","&nbsp;"
"Murders/Manslaughters","&nbsp;","&nbsp;"
"Forcible Rapes","&nbsp;","&nbsp;"
"Robberies","&nbsp;","&nbsp;"
"Aggravated Assaults","&nbsp;","&nbsp;"
"Violent Crimes","&nbsp;","&nbsp;"
"Property Crimes","&nbsp;","&nbsp;"
"Burglaries","&nbsp;","&nbsp;"
"Larceny Thefts","&nbsp;","&nbsp;"
"Motor Vehicle Thefts","&nbsp;","&nbsp;"
"Arsons","&nbsp;","&nbsp;"
