"listing url","http://www.steroids4u.net"
"title:","buy anabolic steroids at professionals"
"description:","anabolic steroid online shop - steroids4u.net has been designed to reply all questions regarding anabolic steroids and you can buy steroid in our shop. our online shop has spent few years studying and researching anabolic steroids. we have tried to compile all information from other websites companies individuals books and hope that cover every angel of anabolic steroids."
"category:","{top|health|pharmacy}"
"owner name:","chuj robert"
"hits:","1"
"listing id:","5062"
"submission date","2009-07-28 21:14:51"
