"Recent Discussions in Jewelry","Posts","Last Poster"
"Lawrence Taylor puts his Super Bowl ring up for auction","2","RebekahK"
"'Beau Sancy' diamond to be auctioned off for an estimated $4 million","2","RebekahK"
"Does anyone know this European silver maker?","2","Vinsilco"
"Does anyone recognize the mark on this 14k and turquoise ring?","4","Maggie Turnipseed"
"Go Behind the Scenes at a Skinner Jewelry Auction!","4","RebekahK"
"Start New Discussion in Jewelry","More Discussions &raquo;","More Discussions &raquo;"
