"museum","city","state","&nbsp;"
"albright-knox art gallery","buffalo","new york","&nbsp;"
"allen memorial art museum","oberlin","ohio","&nbsp;"
"amon carter museum","fort worth","texas","&nbsp;"
"andy warhol museum","pittsburgh","pennsylvania","&nbsp;"
"arkansas arts center","little rock","arkansas","&nbsp;"
"art institute of chicago","chicago","illinois","&nbsp;"
"artpace","san antonio","texas","&nbsp;"
"asia society","new york","new york","&nbsp;"
"baltimore museum of art","baltimore","maryland","&nbsp;"
"barnes foundation","lower merion township","pennsylvania","&nbsp;"
"bass museum","miami beach","florida","&nbsp;"
"birmingham museum of art","birmingham","alabama","&nbsp;"
"blue star contemporary art center","san antonio","texas","&nbsp;"
"boston museum of fine arts","boston","massachusetts","&nbsp;"
"bowdoin college museum of art","brunswick","maine","&nbsp;"
"brandywine river museum","chadds ford","pennsylvania","&nbsp;"
"brooklyn museum","new york","new york","&nbsp;"
"california palace of the legion of honor","san francisco","california","&nbsp;"
"carnegie museum of art","pittsburgh","pennsylvania","&nbsp;"
"chrysler museum of art","norfolk","virginia","&nbsp;"
"cincinnati art museum","cincinnati","ohio","&nbsp;"
"clark art institute","williamston","massachusetts","&nbsp;"
"columbia museum of art","columbia","south carolina","&nbsp;"
"columbus museum of art","columbus","ohio","&nbsp;"
"cooper-hewitt museum","new york","new york","&nbsp;"
"corcoran gallery of art","washington d.c.","d.c.","&nbsp;"
"cranbrook art museum","detroit","michigan","&nbsp;"
"currier museum of art","manchester","new hampshire","&nbsp;"
"dahesh museum","new york","new york","&nbsp;"
"dallas museum of art","dallas","texas","&nbsp;"
"delaware art museum","wilmington","delaware","&nbsp;"
"denver art museum","denver","colorado","&nbsp;"
"des moines art center","des moines","iowa","&nbsp;"
"dixon gallery and gardens","memphis","tennessee","&nbsp;"
"dumbarton oaks","washington d.c.","d.c.","&nbsp;"
"farnsworth art museum","rockland","maine","&nbsp;"
"fenimore art museum","cooperstown","new york","&nbsp;"
"frick museum","new york","new york","&nbsp;"
"frost art museum","miami","florida","&nbsp;"
"gibbes museum of art","charleston","south carolina","&nbsp;"
"grand rapids art museum","grand rapids","michigan","&nbsp;"
"guggenheim museum","new york","new york","&nbsp;"
"harvard art museum","cambridge","massachusetts","&nbsp;"
"henry francis dupont winterthur museum","greenville","delaware","&nbsp;"
"high museum of art","atlanta","georgia","&nbsp;"
"hirshhorn museum and sculpture garden","washington d.c.","d.c.","&nbsp;"
"hispanic society of america","new york","new york","&nbsp;"
"honolulu academy of arts","honolulu","hawaii","&nbsp;"
"hood museum of art","hanover","new hampshire","&nbsp;"
"hudson river museum","yonkers","new york","&nbsp;"
"hyde collection","glens falls","new york","&nbsp;"
"indianapolis museum of art","indianapolis","indiana","&nbsp;"
"isabella stewart gardner museum","boston","massachusetts","&nbsp;"
"j. paul getty museum","los angeles","california","&nbsp;"
"jacques marchais museum of tibetan art","new york","new york","&nbsp;"
"joslyn art museum","omaha","nebraska","&nbsp;"
"kemper museum of contemporary art","kansas city","missouri","&nbsp;"
"kimbell art museum","fort worth","texas","&nbsp;"
"los angeles county museum of art","los angeles","california","&nbsp;"
"lowe art museum","miami","florida","&nbsp;"
"m. h. de young memorial museum","san francisco","california","&nbsp;"
"massachusetts museum of contemporary art","north adams","massachusetts","&nbsp;"
"mcnay art museum","san antonio","texas","&nbsp;"
"meadows museum","dallas","texas","&nbsp;"
"memphis brooks museum of art","memphis","tennessee","&nbsp;"
"menil collection","houston","texas","&nbsp;"
"metropolitan museum of art","new york","new york","&nbsp;"
"miami art museum","miami","florida","&nbsp;"
"michael c. carlos museum","atlanta","georgia","&nbsp;"
"milwaukee art museum","milwaukee","wisconsin","&nbsp;"
"minneapolis institute of arts","minneapolis","minnesota","&nbsp;"
"mint museum of art","charlotte","north carolina","&nbsp;"
"montgomery museum of fine arts","montgomery","alabama","&nbsp;"
"museum of contemporary art","chicago","illinois","&nbsp;"
"museum of contemporary art","miami","florida","&nbsp;"
"museum of contemporary art jacksonville","jacksonville beach","florida","&nbsp;"
"museum of fine arts houston","houston","texas","&nbsp;"
"museum of modern art (moma)","new york","new york","&nbsp;"
"museum of the city of new york","new york","new york","&nbsp;"
"national gallery of art","washington","d.c.","&nbsp;"
"national museum of wildlife art","jackson hole","wyoming","&nbsp;"
"national museum of women in the arts","washington","d.c.","&nbsp;"
"national portrait gallery","washington","d.c.","&nbsp;"
"nelson-atkins museum of art","kansas city","missouri","&nbsp;"
"neue galerie","new york","new york","&nbsp;"
"new britain museum of american art","new britain","connecticut","&nbsp;"
"new museum of contemporary art","new york","new york","&nbsp;"
"new orleans museum of art","new orleans","louisiana","&nbsp;"
"north carolina museum of art","raleigh","north carolina","&nbsp;"
"norton museum of art","west palm beach","florida","&nbsp;"
"norton simon museum","pasadena","california","&nbsp;"
"ogden museum of southern art","new orleans","louisiana","&nbsp;"
"oriental institute","chicago","illinois","&nbsp;"
"p.s. 1 contemporary art center","new york","new york","&nbsp;"
"peabody essex museum","salem","massachusetts","&nbsp;"
"philadelphia museum of art","philadelphia","pennsylvania","&nbsp;"
"phillips collection","washington d. c.","d.c.","&nbsp;"
"phoenix art museum","phoenix","arizona","&nbsp;"
"portland art museum","portland","oregon","&nbsp;"
"princeton university art museum","princeton","new jersey","&nbsp;"
