"formats","formats","amazon price","amazon price","new from","used from"
"","kindle edition","--","&nbsp;","$9.99","--"
"","hardcover","$16.29","&nbsp;","--","--"
"","hardcover import 2007","--","&nbsp;","--","--"
"NULL","see # more hardcovers","see # more hardcovers","see # more hardcovers","see # more hardcovers","see # more hardcovers"
"NULL","show fewer hardcovers","show fewer hardcovers","show fewer hardcovers","show fewer hardcovers","show fewer hardcovers"
"","paperback","$10.17","&nbsp;","--","--"
"NULL","see # more paperbacks","see # more paperbacks","see # more paperbacks","see # more paperbacks","see # more paperbacks"
"NULL","show fewer paperbacks","show fewer paperbacks","show fewer paperbacks","show fewer paperbacks","show fewer paperbacks"
"","audio cd","$26.59","&nbsp;","--","--"
"NULL","see # more audio books","see # more audio books","see # more audio books","see # more audio books","see # more audio books"
"NULL","show fewer audio books","show fewer audio books","show fewer audio books","show fewer audio books","show fewer audio books"
"","unknown binding","--","&nbsp;","--","--"
"NULL","see # more other formats","see # more other formats","see # more other formats","see # more other formats","see # more other formats"
"NULL","show fewer other formats","show fewer other formats","show fewer other formats","show fewer other formats","show fewer other formats"
"","audible audio edition unabridged","$20.95","or free with audible 30-day free trial","or free with audible 30-day free trial","or free with audible 30-day free trial"
