"Part Number","Components Description","Html View","Manufacturer"
"ADT7483A","{Dual|Channel|Temperature|Sensor|and|Over|Temperature|Alarm}","{1|2|3|4|5|More}","Analog Devices"
"HT6P12","{Learning|Car|Alarm|Decoder}","{1|2|3|4|5|More}","Holtek Semiconductor Inc"
"M41T81_08","{Serial|access|real-time|clock|with|alarm}","{1|2|3|4|5|More}","STMicroelectronics"
"M41T81_06","{Serial|access|Real-Time|Clock|with|alarm}","{1|2|3|4|5|More}","STMicroelectronics"
"STEVAL-IAC001V1","{Alarm|platform}","{1|2|3|4|5}","STMicroelectronics"
"RE46C160","{CMOS|Alarm|ASIC}","{1|2|3|4|5|More}","R & E International Inc."
"APD-250M060","{Plasma|Panel|Display|Monitors|250|Character|Display||Drive|Electronics||Controller|Audio|Alarm||Enclosure||Illuminated|Control|Panel}","{1|2|3}","Vishay Siliconix"
"M41T80_06","{Serial|access|Real|Time|Clock|with|alarm}","{1|2|3|4|5|More}","STMicroelectronics"
