"Common&nbsp;name","Language","Location","PIER&nbsp;bibliographic&nbsp;reference","Comments"
"charlock","English","?","Hafliger Toni J./Wolf Matthias (1988)&nbsp;(p.&nbsp;198)","&nbsp;"
"charlock mustard","English","?","U. S. Government (2011)","&nbsp;"
"corn mustard","English","?","U. S. Government (2011)","&nbsp;"
"field kale","English","?","Hafliger Toni J./Wolf Matthias (1988)&nbsp;(p.&nbsp;198)","&nbsp;"
"field mustard","English","?","Hafliger Toni J./Wolf Matthias (1988)&nbsp;(p.&nbsp;198)","&nbsp;"
"florecilla","Spanish","Colombia (Republic of)","Hafliger Toni J./Wolf Matthias (1988)&nbsp;(p.&nbsp;200)","&nbsp;"
"jaramago","Spanish","?","Hafliger Toni J./Wolf Matthias (1988)&nbsp;(p.&nbsp;198)","&nbsp;"
"jotte","French","?","Hafliger Toni J./Wolf Matthias (1988)&nbsp;(p.&nbsp;198)","&nbsp;"
"kedlock","English","?","Hafliger Toni J./Wolf Matthias (1988)&nbsp;(p.&nbsp;198)","&nbsp;"
"lentejilla","Spanish","Mexico (United Mexican States)","Hafliger Toni J./Wolf Matthias (1988)&nbsp;(p.&nbsp;200)","&nbsp;"
"mostaza de los campos","Spanish","?","Hafliger Toni J./Wolf Matthias (1988)&nbsp;(p.&nbsp;198)","&nbsp;"
"mostaza silvestre","Spanish","?","Hafliger Toni J./Wolf Matthias (1988)&nbsp;(p.&nbsp;198)","&nbsp;"
"moutarde des champs","French","?","Hafliger Toni J./Wolf Matthias (1988)&nbsp;(p.&nbsp;198)","&nbsp;"
"s&#233;nev&#233;","French","?","Hafliger Toni J./Wolf Matthias (1988)&nbsp;(p.&nbsp;198)","&nbsp;"
"wild mustard","English","?","Hafliger Toni J./Wolf Matthias (1988)&nbsp;(p.&nbsp;198)","&nbsp;"
