"Language","Common&nbsp;name","Location","PIER&nbsp;bibliographic&nbsp;reference","Comments"
"English","charlock","?","Hafliger Toni J./Wolf Matthias (1988)&nbsp;(p.&nbsp;198)","&nbsp;"
"English","charlock mustard","?","U. S. Government (2011)","&nbsp;"
"English","corn mustard","?","U. S. Government (2011)","&nbsp;"
"English","field kale","?","Hafliger Toni J./Wolf Matthias (1988)&nbsp;(p.&nbsp;198)","&nbsp;"
"English","field mustard","?","Hafliger Toni J./Wolf Matthias (1988)&nbsp;(p.&nbsp;198)","&nbsp;"
"English","kedlock","?","Hafliger Toni J./Wolf Matthias (1988)&nbsp;(p.&nbsp;198)","&nbsp;"
"English","wild mustard","?","Hafliger Toni J./Wolf Matthias (1988)&nbsp;(p.&nbsp;198)","&nbsp;"
"French","jotte","?","Hafliger Toni J./Wolf Matthias (1988)&nbsp;(p.&nbsp;198)","&nbsp;"
"French","moutarde des champs","?","Hafliger Toni J./Wolf Matthias (1988)&nbsp;(p.&nbsp;198)","&nbsp;"
"French","s&#233;nev&#233;","?","Hafliger Toni J./Wolf Matthias (1988)&nbsp;(p.&nbsp;198)","&nbsp;"
"Spanish","florecilla","Colombia (Republic of)","Hafliger Toni J./Wolf Matthias (1988)&nbsp;(p.&nbsp;200)","&nbsp;"
"Spanish","jaramago","?","Hafliger Toni J./Wolf Matthias (1988)&nbsp;(p.&nbsp;198)","&nbsp;"
"Spanish","lentejilla","Mexico (United Mexican States)","Hafliger Toni J./Wolf Matthias (1988)&nbsp;(p.&nbsp;200)","&nbsp;"
"Spanish","mostaza de los campos","?","Hafliger Toni J./Wolf Matthias (1988)&nbsp;(p.&nbsp;198)","&nbsp;"
"Spanish","mostaza silvestre","?","Hafliger Toni J./Wolf Matthias (1988)&nbsp;(p.&nbsp;198)","&nbsp;"
