"Link","Categories","Language","Created"
"The Great Plague of London","In the past","English","21 Feb 2012 15:57"
"Canada","World places","English","21 Feb 2012 15:29"
"Mammals","Nature","English","21 Feb 2012 13:43"
"Polio Virus Destroyed","eLive News","English","21 Feb 2012 12:39"
"Ants Remember Smells","eLive News","English","21 Feb 2012 12:07"
"Shrove Tuesday","Celebrations","English","21 Feb 2012 11:12"
"Pancakes","Recipes","English","21 Feb 2012 09:47"
"Hansel and Gretel","Stories","English","14 Feb 2012 16:45"
"Valentine Poem","Celebrations","English","14 Feb 2012 14:59"
"Isabel's Dream","Younger Readers","English","14 Feb 2012 13:35"
"Food Safety","Health","English","14 Feb 2012 11:38"
"Whitney Houston Dies","eLive News","English","14 Feb 2012 11:01"
"Big Freeze Across Europe","eLive News","English","14 Feb 2012 10:22"
"Highest Sky Dive","Sport","English","07 Feb 2012 15:05"
"February Strange Facts","Strange Facts","English","07 Feb 2012 13:04"
"Charles Dickens Anniversary","Celebrations","English","07 Feb 2012 12:08"
"Runaway Goat","eLive News","English","07 Feb 2012 11:07"
"Jack and The Beanstalk","Stories","English","07 Feb 2012 10:12"
"Valentines Day","Celebrations","English","07 Feb 2012 10:02"
"Queen Elizabeth Celebrates","eLive News","English","06 Feb 2012 19:01"
