"NULL","NULL","NULL","NULL"
"Mollys Life presents Emma Mae in video Tits and ink","Mollys Life presents Kim Kennedy in video Super sale","Mollys Life presents Sunni Mayweather in video Rickshaw rukus","Mollys Life presents Sabrina Maree in video Hay play"
"Mollys Life presents Megan in video Armed and dangerous","Mollys Life presents Kiara Diane in video Balloon monsoon","Mollys Life presents Cali Lakai in video Scrapbook loving","Mollys Life presents Hayley Hilton in video Feature presentation"
"Mollys Life presents Givrilla in video 2 girls 1 pup","Mollys Life presents Esmi Lee in video Motor boatin boobies","Mollys Life presents Kaylyn Ross in video Bouncing beauties","Mollys Life presents Franziska Facella in video Sweet cupcake"
"Mollys Life presents Keira Fox in video Roadside service","Mollys Life presents Aj Estrada in video New age nookie","Mollys Life presents Jessica Bangkok in video Just the girls","Mollys Life presents Megan Foxx in video Perfect for picking"
"Mollys Life presents Jc Simpson in video Bare booty","Mollys Life presents Kali Michaels in video Choo choo cha cha","Mollys Life presents Izy Bella in video Getting intimate","Mollys Life presents Avy Scott in video Rode hard left wet"
