"Monday","Tuesday","Wednesday","Thursday","Friday"
"{2|&nbsp;|&nbsp;}","{3|&nbsp;}","{4|&nbsp;|&nbsp;}","{5|&nbsp;|&nbsp;|&nbsp;|&nbsp;|&nbsp;}","{6|&nbsp;|&nbsp;|&nbsp;|&nbsp;|&nbsp;}"
"{9??????? Recess|&nbsp;|&nbsp;}","{10?????????? Recess|&nbsp;|&nbsp;}","{11????????????? Recess|&nbsp;|&nbsp;}","{12?????????? Recess|&nbsp;}","{13????????  Recess|&nbsp;}"
"{16???????  Recess|&nbsp;|&nbsp;}","{17?????????? Recess|&nbsp;|&nbsp;}","{18???????????? Recess|&nbsp;|&nbsp;}","{19?????? Recess|&nbsp;}","{20????????  Recess|&nbsp;}"
"23??????? ??Recess","24?????????  Recess","25????????? Recess","26?????????  Recess","27?????????  Recess"
"30?????????  Recess","31?????????  Recess","&nbsp;","&nbsp;","&nbsp;"
