"17 Year Old Car Insurance","Antique and Classic Car Insurance","Arranging Auto insurance"
"ATV Auto Insurance","Auto Insurance Brokers","Auto Insurance Claims"
"Auto Insurance Companies","Auto Insurance Coverages","Auto Insurance Discounts"
"Auto Insurance Facts","Auto Insurance Forms","Auto Insurance Quotes"
"Auto Insurance Terms","Auto Insurance Types","Car Insurance for Elders"
"Car Insurance for Teenagers","Car Insurance for women","Car Repair Insurance"
"Cost of Auto Insurance","Driving License","Driving without Car Insurance - No Auto Insurance"
"DUI Driving Under Influence","GAP Insurance Cover","Modified or Special Vehicles"
"Motorcycle Insurance","Online Auto Insurance","PIP Personal Injury Protection Insurance Coverage"
"Sports Car Insurance","SR22 Auto Insurance","State Auto Insurance Requirements"
"Tickets and Auto Insurance","Title Registration","Uninsured or Underinsured Coverage"
