"Flyback Part Number       ~Brand","Price       &nbsp;(Includes       freight. 3 day service if in stock to all U.S. locations)","Purchase"
"JT/137       1242.0238 HR8525 ~Selti Monitor","$99.99","&nbsp;"
"JT/145       HR7365 HR8797 1242.0258 1242.0268 2802.9620 28029710 &nbsp; ~Selti       / Olivetti Monitor","$179.99","&nbsp;"
"KD-1911-A ~KDS Monitor","{$42.99|}","&nbsp;"
"KF2819T ~ Industrial Monitor","{$169.99|}","&nbsp;"
"KF581141        KF581141A KFS81141A KFS581141 KF58114i KFS581141i 20-40-995-12650 ~ Ikegami /       Mitsubishi Broadcast Monitor","{$69.99|}","&nbsp;"
"KFS21288 KFS-21288 SMF-M018 MMF-81011 ~       Monochrome industrial monitor","$179.99","&nbsp;"
"KFS-21642       MMF-81121 E105192&nbsp; LR87861 &nbsp;&nbsp;~ Motorola RF Analyzer","{$219.99|}","&nbsp;"
"KFS-21643       E105192 MMF81121 LR87861      &nbsp;&nbsp;~ Xycom monitor","{$219.99|}","&nbsp;"
"KFS-60266 KFS60266 KFS-60266B KFS60266B       HR7468 FA2019 FA2019P BSC2604 DCF2077Z DNF-FA2019 DNFFA2019       5CL4120190 MCK-20A036 FUHT20A001 ~Wells gardner monitor","{$69.99|}",""
"KFS-60418D-C       E105192 LR87861 CF-9675 ~       Kortec monitor            Snapshot of       Original","$69.99","&nbsp;"
"KFS-60713       MCF-06351 MCF06351 HR46724 ~       Wells Gardner 13K1001 Monitor","$49.99","&nbsp;"
"KFS-60717 KFS60717 HR8178 ~Wells       Gardner Monitor","{$49.99|}","&nbsp;"
"KFS-61107A KFS61107 KFS61107A HR46140       MCF-36633 LR87861 E105192 ~Hyundai monitor","{$39.99|}","&nbsp;"
"KFS-61088 KFS-61088A KFS61088 KFS61088A HR46217       LR87861 CF-06291 E105192 97046142 ~Kortek / Sharp Image Monitor","{$59.99|}","&nbsp;"
"KFS-61188 KFS-61188A KFS61188 KFS61188A ~Kortek / Sharp Image Monitor","{$76.99|}","&nbsp;"
"KFS-61202A       FNH26P2E 33-136120201 ~Gaming Monitor","{$69.99|}","&nbsp;"
"KFS-61432       6174Z-2002E MCF56671 ~Hyundai Monitor","{$39.99|}","&nbsp;"
"KFS-61441       KFS61441 &nbsp;~ monitor","{$79.99|}","&nbsp;"
"KFS-61545       Y265387 ~KDS Monitor","{$39.99|}","&nbsp;"
"KFS-61586-1 KFS-61586 KFS615861 ~ Sanwa Monitor","{$179.99|}","&nbsp;"
"KJF0036A KJF-0036A ~ Industrial Monitor","{$189.99|}","&nbsp;"
"KJF9911A       KJF-9911A ~ VTC Monitor","{$49.99|}","&nbsp;"
"LCECF1010 LCE CF1010 CF1010 LCE-CF1010       HH000009 ~Compaq       Monitor      &nbsp;","{$69.99|}","&nbsp;"
"LCECF1147 LCE CF1147 or CF1147 ~Compaq       Monitor            Schematic diagram","{$39.99|}","&nbsp;"
"LCECF1447 LCE CF1447 CF1447 3138.168.73441       313816873441 3138 168 73441&nbsp; &nbsp;~ Philips / Compaq       Monitor","{$39.99|}","&nbsp;"
"LCECF1285 LCE       CF1285 CF1285 47F13-0910A 47F13-0910AS ~CTX       Monitor","{$39.99|}","&nbsp;"
"LCE CF 1372 A LCECF1372A CF1372A FEC065       FEC-065 DFBTEC065-857E ~ Sampo&nbsp; Hewlett Packard Pavilion Monitor","$39.99","&nbsp;"
"LCE       CF 1852  LCECF1852 CF1852 ~Viewsonic       Monitor","{$39.99|}","&nbsp;"
"LCE CF 2010  LCECF2010 CF2010 ~E-mac monitor","{$49.99|}","&nbsp;"
"MCF-1678 E105192 LR87861&nbsp;&nbsp;~ Hyundai monitor","{$49.99|}","&nbsp;"
"MCH-19A22B E153162&nbsp;&nbsp;~ Tovis gaming monitor","$64.99","&nbsp;"
"MC-1141 MC 1141&nbsp;&nbsp;~&nbsp; monitor","{$159.99|}","&nbsp;"
"MF-3358 ~OZUCHI monitor","{$179.99|}","&nbsp;"
"MRCFT-224  353022400 HR46134&nbsp;&nbsp;~ Tatung gaming monitor","{$34.99|}","&nbsp;"
"{|MRCFT-923A MRCFT-923C MRCFT-923A-N       HR46264&nbsp;}","{$49.99|}","&nbsp;"
"{MSH-D501 2009830073 2972000072 297X2000-072       MSH-D452 MSH-D562|&nbsp;}","{$129.99|}","&nbsp;"
"MSH1ADE04       MSH1ADE04A ~Vintage       Monochrome Monitor","{$189.99|}","&nbsp;"
"MSH1FAC13       MSHIFAC13 MSH1FAC13A MSHIFAC13A MSH1FAC11A ~ Sega Nanao Kaga Arcade Monitor","{$79.99|}","&nbsp;"
"MSH1FAP03       MSH1FAP48 ~Wells Gardner U4900 Arcade","{$95.99||&nbsp;}","&nbsp;"
"MSH1FBM31 ~Atari Arcade","$49.99","&nbsp;"
"MSH1FDQ504  MSHIFDQ504       MSU1FDQ504 MSUIFDQ504 05F13170A2       ~Sega Arcade","{$59.99|}","&nbsp;"
"MSH1FFA19 MSHIFFA19       ~Furuno sonar monitor","{$84.99|}","&nbsp;"
"MSPW0051AA       MSP W0051AA MSC32-52A ~ Hitachi       Monitor","$194.99","&nbsp;"
"MSU1FDU49 MSUIFDU49 MSUIFDV49 MSU1FDV49&nbsp; 79A328-1       79A-328-1 ~ Commodore / AOC       Monitor -FCC: ARSCM3140A","$74.99","&nbsp;"
"MSU1FDV23        MSU1FDU23 MSU1FDV23 MSU1FDU23 483514887137 003618300287 ~ Phillips Magnavox Monitor","$32.99","&nbsp;"
"MSU1FGS521 BSC E6401       BSC-E6401 BSCE6401       ~Sanwa monitor","{$99.99|}","&nbsp;"
"MSH1FPU515A MSH1FPU515A       ~Sanwa monitor","{$79.99|}","&nbsp;"
"MSU1FFW06A MSUIFFW06A       ~EIZO Monitor","{$199.99|}","&nbsp;"
