"client","industry","services","case study"
"Agency 212","Advertising &amp; Marketing","{Website Design|Information Architecture|Content Management|Flash Development|Hosting}",""
"Allied Live","Advertising &amp; Marketing","Custom Application Development",""
"Atlantic Yards Project","Advertising &amp; Marketing","{Content Management|Social Networking}",""
"Cinetic Media","Advertising &amp; Marketing","{Website Design|Information Architecture|Content Management|Flash Development|Hosting}",""
"Euro RSCG","Advertising &amp; Marketing","{Website Design|Custom Application Development}",""
"Micro Target Media","Advertising &amp; Marketing","{Website Design|Information Architecture|Content Management|Flash Development|Hosting|Search Engine Optimization}",""
"Moguldom Media Group","Advertising &amp; Marketing","Search Engine Optimization",""
"Oasis Advertising","Advertising &amp; Marketing","{Website Design|Custom Application Development|Flash Development}",""
"Pentagram","Advertising &amp; Marketing","{Website Design|Content Management|Flash Development|Hosting|Search Engine Optimization}",""
"Screenvision","Advertising &amp; Marketing","{Website Design|Information Architecture|Content Management|Custom Application Development|Flash Development|Hosting|Search Engine Optimization}",""
"Tequila","Advertising &amp; Marketing","{Custom Application Development|Flash Development}",""
"Van Wagner","Advertising &amp; Marketing","{Website Design|Information Architecture|Content Management|Flash Development|Hosting|Search Engine Optimization}","view project"
"Ascher Studio","Fashion","{Website Design|Information Architecture|Content Management|E-Commerce}",""
"By Robert James","Fashion","{Website Design|Information Architecture|Flash Development|Hosting}",""
"Ellegi Fashion","Fashion","{Website Design|Information Architecture|Flash Development}",""
"Ellen Tracy","Fashion","{Website Design|Flash Development}",""
"Jimmy Jazz","Fashion","{Website Design|Information Architecture|Content Management|E-Commerce|Social Networking|Hosting}","view project"
"Lotus Boutique","Fashion","{Website Design|Content Management|E-Commerce}",""
"Man Alive","Fashion","{Website Design|Information Architecture|Content Management|E-Commerce|Hosting|Search Engine Optimization}",""
"Net-a-Porter","Fashion","{Website Design|Social Networking}","view project"
"R. Lilly Tuckerwear","Fashion","{Website Design|Information Architecture|Content Management|E-Commerce|Flash Development|Hosting|Search Engine Optimization}",""
"Rita Hazan","Fashion","{Content Management|Social Networking|Hosting}",""
"American Express","Financial","{Website Design|Information Architecture}","view project"
"Bridgewater Associates","Financial","{Website Design|Information Architecture|Content Management|Hosting}",""
"BTQ Financial","Financial","{Website Design|Information Architecture|Content Management|Hosting}","view project"
"CFA Capital Partners","Financial","{Website Design|Information Architecture|Content Management|Hosting}",""
"CMC Forex","Financial","{Website Design|Custom Application Development}",""
"DeMatteo Monness","Financial","Custom Application Development",""
"Sandleman Partners","Financial","{Website Design|Content Management|Hosting}",""
"Bergdorfgoodman","Luxury","{Content Management|Social Networking|Hosting}","view project"
