"Title","Tags","Country","Language"
"LED ? Learning and Teaching Furniture Design in Europe","{Europa|LED}","Europe","English"
"Magic but Real Experiments - Europe","{cross-cultural|eTwinning|primary education|secondary education|YouTube}","Europe","English"
"Mano Klase Super Klase! - Lithuania","{class website|eTwinning|secondary education|weblog}","Lithuania","English"
"Global Dreamers - Peace Project","{cross cultural|primary education|secondary education}","Israel","English"
"Digital Storytelling in Humanities ? Thailand.","{blogs|primary education|YouTube}","Thailand","English"
"The Open University Project ? OpenLearn","{eLearning|tertiary education|university|video conferencing}","UK","English"
"LadybirdSpotting ? Handheld Computers in Wolverhampton UK","{Google Maps|handheld computers|primary education}","UK","English"
"Anson Primary School London","{eSafety|primary education|Twitter|YouTube}","UK","English"
"Colours of Life ? European eTwinning Project","{cross-cultural|eTwinning|primary school|Wikispace}","Malta Poland Spain and Italy","English"
"Embracing web2.0 Across a Postgraduate Program ? Australia","{higher education|tertiary education|university|wiki}","Australia","English"
