"Menge","Bezeichnung","Hersteller","Datecode","Beschreibung","Foto","Datenblatt","&nbsp;"
"10&nbsp;","BC135-18&nbsp;","&nbsp;","&nbsp;","&nbsp;","&nbsp;","&nbsp;","Online Anfrage"
"0&nbsp;","BC135-18&nbsp;","&nbsp;","&nbsp;","&nbsp;","&nbsp;","&nbsp;","Online Anfrage"
"60&nbsp;","BC135-18&nbsp;","DSI&nbsp;","&nbsp;","TO-18&nbsp;","&nbsp;","&nbsp;","Online Anfrage"
"60&nbsp;","BC135-18&nbsp;","DSI&nbsp;","&nbsp;","VPE = package quantity: 28 pcs TO-18 package&nbsp;","&nbsp;","&nbsp;","Online Anfrage"
