"Event","Date","Venue","&nbsp;"
"1964 The Tribute Tickets Jun  1","Fri. Jun  18:00 PM","NYCB Theatre at WestburyWestbury NY","View Tickets"
"1964 The Tribute Tickets Jul 20","Fri. Jul 208:00 PM","Meadow Brook FestivalRochester Hills MI","View Tickets"
"1964 The Tribute Tickets Aug 19","Sun. Aug 19TBA","Centennial TerraceToledo OH","View Tickets"
"1964 The Tribute Tickets Sep 22","Sat. Sep 228:00 PM","Majestic Theatre San AntonioSan Antonio TX","View Tickets"
"1964 The Tribute Tickets Sep 22","Sat. Sep 228:00 PM","AMERICAN AIRLINES THEATRENEW YORK NY","View Tickets"
"1964 The Tribute Tickets Oct 20","Sat. Oct 207:30 PM","Akoo Theatre at RosemontRosemont IL","View Tickets"
